Date,Temperature
1/29/2009,7.137913043
1/30/2009,7.127442105
1/31/2009,7.071568421
2/1/2009,6.997084211
2/2/2009,7.066905263
2/3/2009,7.156884211
2/4/2009,7.181463158
2/5/2009,7.176484211
2/6/2009,7.210536842
2/7/2009,7.195694737
2/8/2009,7.201726316
2/9/2009,7.192947368
2/10/2009,7.066505263
2/11/2009,7.055526316
2/12/2009,7.087515789
2/13/2009,7.097978947
2/14/2009,7.054831579
2/15/2009,7.005189474
2/16/2009,7.012031579
2/17/2009,7.035642105
2/18/2009,7.080547368
2/19/2009,7.108789474
2/20/2009,7.096378947
2/21/2009,7.124947368
2/22/2009,7.157105263
2/23/2009,7.208315789
2/24/2009,7.214147368
2/25/2009,7.227536842
2/26/2009,7.099810526
2/27/2009,7.229378947
2/28/2009,7.2732
3/1/2009,7.232557895
3/2/2009,7.233368421
3/3/2009,7.261389474
3/4/2009,7.330284211
3/5/2009,7.551494737
3/6/2009,7.493
3/7/2009,7.408221053
3/8/2009,7.225
3/9/2009,7.156305263
3/10/2009,7.076863158
3/11/2009,7.117421053
3/12/2009,7.195315789
3/13/2009,7.342326316
3/14/2009,7.455926316
3/15/2009,7.362347368
3/16/2009,7.388336842
3/17/2009,7.366778947
3/18/2009,7.289305263
3/19/2009,7.260547368
3/20/2009,7.377357895
3/21/2009,7.385947368
3/22/2009,7.351136842
3/23/2009,7.372157895
3/24/2009,7.393589474
3/25/2009,7.409073684
3/26/2009,7.424221053
3/27/2009,7.556021053
3/28/2009,7.514442105
3/29/2009,7.500736842
3/30/2009,7.584
3/31/2009,7.575315789
4/1/2009,7.480831579
4/2/2009,7.455894737
4/3/2009,7.480263158
4/4/2009,7.542905263
4/5/2009,7.604694737
4/6/2009,7.644336842
4/7/2009,7.696747368
4/8/2009,7.703157895
4/9/2009,7.608210526
4/10/2009,7.707821053
4/11/2009,7.689063158
4/12/2009,7.723315789
4/13/2009,7.661126316
4/14/2009,7.612031579
4/15/2009,7.818221053
4/16/2009,7.8776
4/17/2009,7.862473684
4/18/2009,8.014905263
4/19/2009,8.026894737
4/20/2009,8.221494737
4/21/2009,8.465957895
4/22/2009,8.525031579
4/23/2009,8.336221053
4/24/2009,8.106473684
4/25/2009,8.125094737
4/26/2009,8.035263158
4/27/2009,7.968936842
4/28/2009,7.963147368
4/29/2009,7.769642105
4/30/2009,7.829326316
5/1/2009,7.849473684
5/2/2009,7.832884211
5/3/2009,7.797073684
5/4/2009,7.787126316
5/5/2009,7.7148
5/6/2009,7.913957895
5/7/2009,8.423778947
5/8/2009,9.259231579
5/9/2009,9.901073684
5/10/2009,10.20064211
5/11/2009,9.656778947
5/12/2009,9.103821053
5/13/2009,8.891473684
5/14/2009,8.685968421
5/15/2009,8.803368421
5/16/2009,9.382263158
5/17/2009,10.55112632
5/18/2009,10.49574737
5/19/2009,10.25628421
5/20/2009,10.01783158
5/21/2009,9.687168421
5/22/2009,9.374757895
5/23/2009,9.2304
5/24/2009,9.092536842
5/25/2009,8.844042105
5/26/2009,8.618778947
5/27/2009,8.540010526
5/28/2009,8.456715789
5/29/2009,8.573768421
5/30/2009,8.491305263
5/31/2009,8.700210526
6/1/2009,8.6496
6/2/2009,8.720073684
6/3/2009,8.508452632
6/4/2009,8.491273684
6/5/2009,8.561463158
6/6/2009,8.914884211
6/7/2009,9.034936842
6/8/2009,9.025378947
6/9/2009,9.230642105
6/10/2009,9.338084211
6/11/2009,9.592252632
6/12/2009,9.741389474
6/13/2009,9.818389474
6/14/2009,9.875526316
6/15/2009,9.928842105
6/16/2009,10.22231579
6/17/2009,9.814073684
6/18/2009,9.503084211
6/19/2009,9.5622
6/20/2009,9.801115789
6/21/2009,9.563073684
6/22/2009,9.655694737
6/23/2009,9.292315789
6/24/2009,8.798610526
6/25/2009,8.663373333
6/26/2009,
6/27/2009,
6/28/2009,
6/29/2009,
6/30/2009,
7/1/2009,
7/2/2009,
7/3/2009,
7/4/2009,
7/5/2009,
7/6/2009,
7/7/2009,
7/8/2009,
7/9/2009,
7/10/2009,
7/11/2009,
7/12/2009,
7/13/2009,
7/14/2009,
7/15/2009,
7/16/2009,
7/17/2009,
7/18/2009,
7/19/2009,
7/20/2009,
7/21/2009,
7/22/2009,
7/23/2009,
7/24/2009,
7/25/2009,
7/26/2009,
7/27/2009,
7/28/2009,
7/29/2009,
7/30/2009,
7/31/2009,
8/1/2009,
8/2/2009,
8/3/2009,
8/4/2009,
8/5/2009,10.5287
8/6/2009,10.41690526
8/7/2009,10.2344
8/8/2009,10.01184211
8/9/2009,9.813410526
8/10/2009,9.696694737
8/11/2009,9.533568421
8/12/2009,9.529989474
8/13/2009,9.808452632
8/14/2009,9.760157895
8/15/2009,9.847505263
8/16/2009,9.741378947
8/17/2009,9.787673684
8/18/2009,9.648084211
8/19/2009,9.475515789
8/20/2009,9.346484211
8/21/2009,9.260821053
8/22/2009,9.192831579
8/23/2009,9.235052632
8/24/2009,9.352115789
8/25/2009,9.348378947
8/26/2009,9.328831579
8/27/2009,9.030147368
8/28/2009,8.952989474
8/29/2009,9.508894737
8/30/2009,10.00732632
8/31/2009,10.20268421
9/1/2009,10.24570526
9/2/2009,10.04562105
9/3/2009,9.877673684
9/4/2009,9.639642105
9/5/2009,9.449084211
9/6/2009,9.428789474
9/7/2009,9.248463158
9/8/2009,9.383431579
9/9/2009,9.662526316
9/10/2009,9.651642105
9/11/2009,9.600189474
9/12/2009,9.607357895
9/13/2009,9.775684211
9/14/2009,9.704294737
9/15/2009,9.655652632
9/16/2009,9.723810526
9/17/2009,9.784221053
9/18/2009,10.06729474
9/19/2009,10.16847368
9/20/2009,10.13608421
9/21/2009,10.07275789
9/22/2009,9.753821053
9/23/2009,9.421978947
9/24/2009,9.668284211
9/25/2009,9.600431579
9/26/2009,9.887852632
9/27/2009,10.00005263
9/28/2009,9.632105263
9/29/2009,9.847936842
9/30/2009,9.974652632
10/1/2009,10.01491579
10/2/2009,9.832852632
10/3/2009,10.06489474
10/4/2009,9.571284211
10/5/2009,9.267021053
10/6/2009,9.207336842
10/7/2009,9.062968421
10/8/2009,8.756136842
10/9/2009,8.698357895
10/10/2009,8.660778947
10/11/2009,8.554557895
10/12/2009,8.559778947
10/13/2009,8.451473684
10/14/2009,8.336557895
10/15/2009,8.301947368
10/16/2009,8.455389474
10/17/2009,8.820589474
10/18/2009,9.005621053
10/19/2009,9.169863158
10/20/2009,9.200484211
10/21/2009,9.138926316
10/22/2009,9.063157895
10/23/2009,9.132305263
10/24/2009,9.486336842
10/25/2009,10.35250526
10/26/2009,10.38549474
10/27/2009,9.999526316
10/28/2009,9.914557895
10/29/2009,9.725
10/30/2009,9.380515789
10/31/2009,9.272684211
11/1/2009,9.465231579
11/2/2009,9.528547368
11/3/2009,9.3362
11/4/2009,9.045936842
11/5/2009,8.867021053
11/6/2009,8.731873684
11/7/2009,8.988536842
11/8/2009,9.688094737
11/9/2009,9.818452632
11/10/2009,9.792968421
11/11/2009,10.41627368
11/12/2009,10.56657895
11/13/2009,10.48769474
11/14/2009,10.26065263
11/15/2009,10.12434737
11/16/2009,9.722157895
11/17/2009,9.757936842
11/18/2009,9.948747368
11/19/2009,10.15413684
11/20/2009,10.26670526
11/21/2009,10.28632632
11/22/2009,10.40707368
11/23/2009,10.38207368
11/24/2009,10.40387368
11/25/2009,10.28923158
11/26/2009,10.17229474
11/27/2009,10.04758947
11/28/2009,9.855126316
11/29/2009,9.678210526
11/30/2009,9.576410526
12/1/2009,9.456294737
12/2/2009,9.168621053
12/3/2009,8.821263158
12/4/2009,8.637757895
12/5/2009,8.5126
12/6/2009,8.197305263
12/7/2009,7.887547368
12/8/2009,7.879821053
12/9/2009,7.817894737
12/10/2009,7.835673684
12/11/2009,7.828905263
12/12/2009,7.781263158
12/13/2009,7.845810526
12/14/2009,7.7774
12/15/2009,7.750431579
12/16/2009,7.771631579
12/17/2009,7.790789474
12/18/2009,7.808410526
12/19/2009,7.877568421
12/20/2009,7.932821053
12/21/2009,7.935768421
12/22/2009,7.901726316
12/23/2009,7.881568421
12/24/2009,7.939136842
12/25/2009,7.929610526
12/26/2009,7.837894737
12/27/2009,7.726315789
12/28/2009,7.702926316
12/29/2009,7.683947368
12/30/2009,7.675726316
12/31/2009,7.671336842
1/1/2010,7.678642105
1/2/2010,7.724915789
1/3/2010,7.721073684
1/4/2010,7.773926316
1/5/2010,7.773557895
1/6/2010,7.715905263
1/7/2010,7.653378947
1/8/2010,7.638147368
1/9/2010,7.657789474
1/10/2010,7.677515789
1/11/2010,7.677978947
1/12/2010,7.686010526
1/13/2010,7.810926316
1/14/2010,8.062157895
1/15/2010,8.2628
1/16/2010,8.263578947
1/17/2010,8.436957895
1/18/2010,8.450178947
1/19/2010,8.227431579
1/20/2010,8.139884211
1/21/2010,8.366726316
1/22/2010,8.3636
1/23/2010,8.312589474
1/24/2010,8.262778947
1/25/2010,8.258642105
1/26/2010,8.273231579
1/27/2010,8.326157895
1/28/2010,8.307357895
1/29/2010,8.277136842
1/30/2010,8.354157895
1/31/2010,8.410557895
2/1/2010,8.476431579
2/2/2010,8.528473684
2/3/2010,8.641010526
2/4/2010,8.785189474
2/5/2010,8.700326316
2/6/2010,8.660115789
2/7/2010,8.600747368
2/8/2010,8.554789474
2/9/2010,8.530652632
2/10/2010,8.574547368
2/11/2010,8.569778947
2/12/2010,8.609021053
2/13/2010,8.610410526
2/14/2010,8.613842105
2/15/2010,8.769726316
2/16/2010,8.780084211
2/17/2010,8.864231579
2/18/2010,8.754315789
2/19/2010,8.697357895
2/20/2010,8.713715789
2/21/2010,8.728736842
2/22/2010,8.739452632
2/23/2010,8.7378
2/24/2010,8.747747368
2/25/2010,8.740336842
2/26/2010,8.714736842
2/27/2010,8.699505263
2/28/2010,8.715010526
3/1/2010,8.766852632
3/2/2010,8.752894737
3/3/2010,8.771715789
3/4/2010,8.831242105
3/5/2010,8.857578125
3/6/2010,8.845060606
3/7/2010,8.881747368
3/8/2010,8.783568421
3/9/2010,8.665842105
3/10/2010,8.646473684
3/11/2010,8.677947368
3/12/2010,8.664568421
3/13/2010,8.644736842
3/14/2010,8.667105263
3/15/2010,8.673831579
3/16/2010,8.748136842
3/17/2010,8.802515789
3/18/2010,8.787610526
3/19/2010,8.794136842
3/20/2010,8.8152
3/21/2010,8.829315789
3/22/2010,8.853589474
3/23/2010,8.874042105
3/24/2010,8.842157895
3/25/2010,8.891768421
3/26/2010,8.830326316
3/27/2010,8.860094737
3/28/2010,8.854663158
3/29/2010,8.801410526
3/30/2010,8.863694737
3/31/2010,9.337452632
4/1/2010,9.714926316
4/2/2010,9.559157895
4/3/2010,9.123926316
4/4/2010,9.189484211
4/5/2010,9.313663158
4/6/2010,9.197294737
4/7/2010,9.230168421
4/8/2010,9.198789474
4/9/2010,9.214621053
4/10/2010,9.264305263
4/11/2010,9.033526316
4/12/2010,8.976568421
4/13/2010,8.952684211
4/14/2010,9.026557895
4/15/2010,9.040157895
4/16/2010,9.072663158
4/17/2010,9.105894737
4/18/2010,9.052726316
4/19/2010,9.034978947
4/20/2010,9.051410526
4/21/2010,9.012894737
4/22/2010,9.058526316
4/23/2010,9.179357895
4/24/2010,9.0296
4/25/2010,9.095010526
4/26/2010,8.942989474
4/27/2010,8.808684211
4/28/2010,8.743852632
4/29/2010,8.824442105
4/30/2010,9.007178947
5/1/2010,9.033073684
5/2/2010,9.002273684
5/3/2010,8.912852632
5/4/2010,8.849768421
5/5/2010,8.904147368
5/6/2010,9.027389474
5/7/2010,9.286031579
5/8/2010,9.242505263
5/9/2010,9.318715789
5/10/2010,9.585178947
5/11/2010,9.590936842
5/12/2010,9.803905263
5/13/2010,9.717652632
5/14/2010,9.621031579
5/15/2010,9.471715789
5/16/2010,9.410263158
5/17/2010,9.246
5/18/2010,8.916442105
5/19/2010,8.906957895
5/20/2010,8.792642105
5/21/2010,8.850126316
5/22/2010,9.504473684
5/23/2010,9.768021053
5/24/2010,9.568663158
5/25/2010,9.371968421
5/26/2010,9.052126316
5/27/2010,9.112484211
5/28/2010,9.110494737
5/29/2010,9.727315789
5/30/2010,9.889294737
5/31/2010,9.564126316
6/1/2010,9.392210526
6/2/2010,9.416105263
6/3/2010,9.514747368
6/4/2010,10.53293684
6/5/2010,11.48434737
6/6/2010,11.39889474
6/7/2010,11.70009474
6/8/2010,12.08089474
6/9/2010,11.96027368
6/10/2010,11.53166316
6/11/2010,11.13436842
6/12/2010,10.58545263
6/13/2010,10.45384211
6/14/2010,10.23813684
6/15/2010,9.992242105
6/16/2010,9.773768421
6/17/2010,9.589494737
6/18/2010,9.382947368
6/19/2010,9.589705263
6/20/2010,9.817294737
6/21/2010,9.442242105
6/22/2010,9.608852632
6/23/2010,9.562063158
6/24/2010,9.575442105
6/25/2010,9.550905263
6/26/2010,9.644494737
6/27/2010,9.891421053
6/28/2010,9.398315789
6/29/2010,9.435052632
6/30/2010,9.462094737
7/1/2010,9.431347368
7/2/2010,9.358715789
7/3/2010,9.6366
7/4/2010,10.07949474
7/5/2010,10.44984211
7/6/2010,9.684631579
7/7/2010,9.5434
7/8/2010,9.090431579
7/9/2010,9.176526316
7/10/2010,9.357568421
7/11/2010,9.667115789
7/12/2010,10.12142105
7/13/2010,10.14158947
7/14/2010,9.761821053
7/15/2010,9.606768421
7/16/2010,9.438336842
7/17/2010,9.500063158
7/18/2010,9.516642105
7/19/2010,9.217547368
7/20/2010,9.308494737
7/21/2010,9.6716
7/22/2010,9.756536842
7/23/2010,9.898242105
7/24/2010,9.794315789
7/25/2010,9.649452632
7/26/2010,9.513378947
7/27/2010,9.603284211
7/28/2010,9.745873684
7/29/2010,10.20994737
7/30/2010,10.38384211
7/31/2010,10.71263158
8/1/2010,10.45791579
8/2/2010,10.46872632
8/3/2010,10.64177895
8/4/2010,10.7818
8/5/2010,11.32243158
8/6/2010,11.42325263
8/7/2010,11.44956842
8/8/2010,10.68638947
8/9/2010,10.41083158
8/10/2010,9.953084211
8/11/2010,9.622126316
8/12/2010,9.498621053
8/13/2010,9.225894737
8/14/2010,8.758210526
8/15/2010,8.638052632
8/16/2010,8.799
8/17/2010,9.085610526
8/18/2010,9.586884211
8/19/2010,9.711505263
8/20/2010,9.802347368
8/21/2010,10.02965263
8/22/2010,10.05112632
8/23/2010,10.09545263
8/24/2010,9.433305263
8/25/2010,9.182978947
8/26/2010,9.794473684
8/27/2010,10.07150602
8/28/2010,
8/29/2010,
8/30/2010,
8/31/2010,9.376197368
9/1/2010,9.469221053
9/2/2010,9.688873684
9/3/2010,9.556568421
9/4/2010,10.25632632
9/5/2010,10.30529474
9/6/2010,9.834431579
9/7/2010,9.373368421
9/8/2010,9.1274
9/9/2010,8.999726316
9/10/2010,8.746610526
9/11/2010,8.454873684
9/12/2010,8.263326316
9/13/2010,8.209747368
9/14/2010,8.352421053
9/15/2010,8.542789474
9/16/2010,8.466978947
9/17/2010,8.428768421
9/18/2010,8.406126316
9/19/2010,8.518894737
9/20/2010,8.801926316
9/21/2010,9.350915789
9/22/2010,9.566894737
9/23/2010,9.646568421
9/24/2010,9.392715789
9/25/2010,9.403873684
9/26/2010,10.76625263
9/27/2010,11.73664211
9/28/2010,11.50537895
9/29/2010,11.08852632
9/30/2010,10.67017895
10/1/2010,10.19227368
10/2/2010,9.908863158
10/3/2010,9.806073684
10/4/2010,9.707968421
10/5/2010,9.665094737
10/6/2010,9.4706
10/7/2010,9.085642105
10/8/2010,8.869705263
10/9/2010,8.459526316
10/10/2010,8.539273684
10/11/2010,9.525084211
10/12/2010,9.765315789
10/13/2010,9.973326316
10/14/2010,9.669905263
10/15/2010,9.504589474
10/16/2010,9.359757895
10/17/2010,9.175010526
10/18/2010,9.092242105
10/19/2010,8.9836
10/20/2010,8.898378947
10/21/2010,8.810505263
10/22/2010,8.613821053
10/23/2010,8.502705263
10/24/2010,8.759578947
10/25/2010,8.960684211
10/26/2010,9.315968421
10/27/2010,9.666989474
10/28/2010,10.18681053
10/29/2010,9.828115789
10/30/2010,9.4436
10/31/2010,9.4888
11/1/2010,9.522021053
11/2/2010,10.55969474
11/3/2010,11.47897895
11/4/2010,10.82189474
11/5/2010,10.66613684
11/6/2010,10.43617895
11/7/2010,10.04218947
11/8/2010,9.512463158
11/9/2010,9.622978947
11/10/2010,9.893410526
11/11/2010,9.801315789
11/12/2010,9.885484211
11/13/2010,9.932168421
11/14/2010,10.0242
11/15/2010,9.778294737
11/16/2010,10.0256
11/17/2010,10.0778
11/18/2010,9.833873684
11/19/2010,9.461968421
11/20/2010,9.094168421
11/21/2010,8.813757895
11/22/2010,8.547547368
11/23/2010,8.031273684
11/24/2010,7.957052632
11/25/2010,7.958810526
11/26/2010,7.932989474
11/27/2010,7.928452632
11/28/2010,7.984852632
11/29/2010,8.039389474
11/30/2010,8.072347368
12/1/2010,8.153442105
12/2/2010,8.925705263
12/3/2010,9.090157895
12/4/2010,9.088368421
12/5/2010,8.6246
12/6/2010,8.248031579
12/7/2010,8.059968421
12/8/2010,7.995852632
12/9/2010,7.992894737
12/10/2010,8.168284211
12/11/2010,8.699547368
12/12/2010,8.876831579
12/13/2010,8.795431579
12/14/2010,9.006526316
12/15/2010,9.052705263
12/16/2010,8.924915789
12/17/2010,8.928010526
12/18/2010,8.6846
12/19/2010,8.341926316
12/20/2010,8.138294737
12/21/2010,8.061515789
12/22/2010,8.069526316
12/23/2010,8.227652632
12/24/2010,8.303789474
12/25/2010,8.308884211
12/26/2010,8.390084211
12/27/2010,8.397210526
12/28/2010,8.392810526
12/29/2010,8.416452632
12/30/2010,8.281336842
12/31/2010,8.187831579
1/1/2011,8.115621053
1/2/2011,8.094442105
1/3/2011,8.084578947
1/4/2011,8.050484211
1/5/2011,8.032168421
1/6/2011,8.090610526
1/7/2011,8.118263158
1/8/2011,7.951663158
1/9/2011,7.812894737
1/10/2011,7.722831579
1/11/2011,7.817084211
1/12/2011,7.867410526
1/13/2011,7.923705263
1/14/2011,7.908915789
1/15/2011,7.797221053
1/16/2011,7.695926316
1/17/2011,7.729494737
1/18/2011,7.776042105
1/19/2011,7.749157895
1/20/2011,7.7432
1/21/2011,7.791652632
1/22/2011,7.805915789
1/23/2011,7.848357895
1/24/2011,7.867189474
1/25/2011,7.903442105
1/26/2011,7.918515789
1/27/2011,7.917989474
1/28/2011,7.923852632
1/29/2011,7.928863158
1/30/2011,7.893526316
1/31/2011,7.775347368
2/1/2011,7.717147368
2/2/2011,7.6916
2/3/2011,7.714326316
2/4/2011,7.762957895
2/5/2011,7.8086
2/6/2011,7.768694737
2/7/2011,7.742084211
2/8/2011,7.729010526
2/9/2011,7.756663158
2/10/2011,7.7108
2/11/2011,7.671694737
2/12/2011,7.664810526
2/13/2011,7.642663158
2/14/2011,7.618347368
2/15/2011,7.620452632
2/16/2011,7.595115789
2/17/2011,7.688673684
2/18/2011,7.802084211
2/19/2011,7.852473684
2/20/2011,7.750473684
2/21/2011,7.662347368
2/22/2011,7.540863158
2/23/2011,7.405757895
2/24/2011,7.264021053
2/25/2011,7.200157895
2/26/2011,7.306673684
2/27/2011,7.244873684
2/28/2011,7.232715789
3/1/2011,7.226505263
3/2/2011,7.218147368
3/3/2011,7.211189474
3/4/2011,7.177505263
3/5/2011,7.176642105
3/6/2011,7.215989474
3/7/2011,7.226378947
3/8/2011,7.286842105
3/9/2011,7.392789474
3/10/2011,7.430031579
3/11/2011,7.406789474
3/12/2011,7.572549296
3/13/2011,
3/14/2011,
3/15/2011,
3/16/2011,
3/17/2011,
3/18/2011,
3/19/2011,
3/20/2011,
3/21/2011,
3/22/2011,
3/23/2011,
3/24/2011,
3/25/2011,
3/26/2011,
3/27/2011,
3/28/2011,
3/29/2011,
3/30/2011,
3/31/2011,
4/1/2011,
4/2/2011,
4/3/2011,
4/4/2011,
4/5/2011,
4/6/2011,
4/7/2011,
4/8/2011,
4/9/2011,
4/10/2011,
4/11/2011,
4/12/2011,
4/13/2011,
4/14/2011,
4/15/2011,
4/16/2011,
4/17/2011,
4/18/2011,
4/19/2011,
4/20/2011,
4/21/2011,
4/22/2011,
4/23/2011,
4/24/2011,
4/25/2011,
4/26/2011,
4/27/2011,
4/28/2011,
4/29/2011,
4/30/2011,
5/1/2011,
5/2/2011,
5/3/2011,
5/4/2011,
5/5/2011,
5/6/2011,
5/7/2011,
5/8/2011,
5/9/2011,
5/10/2011,
5/11/2011,
5/12/2011,
5/13/2011,
5/14/2011,
5/15/2011,
5/16/2011,
5/17/2011,
5/18/2011,
5/19/2011,
5/20/2011,
5/21/2011,
5/22/2011,
5/23/2011,
5/24/2011,
5/25/2011,
5/26/2011,
5/27/2011,
5/28/2011,
5/29/2011,
5/30/2011,
5/31/2011,
6/1/2011,
6/2/2011,
6/3/2011,
6/4/2011,
6/5/2011,
6/6/2011,
6/7/2011,
6/8/2011,
6/9/2011,
6/10/2011,
6/11/2011,
6/12/2011,
6/13/2011,
6/14/2011,
6/15/2011,
6/16/2011,
6/17/2011,
6/18/2011,
6/19/2011,
6/20/2011,
6/21/2011,
6/22/2011,
6/23/2011,
6/24/2011,
6/25/2011,
6/26/2011,
6/27/2011,
6/28/2011,
6/29/2011,
6/30/2011,
7/1/2011,
7/2/2011,
7/3/2011,
7/4/2011,
7/5/2011,
7/6/2011,
7/7/2011,
7/8/2011,
7/9/2011,
7/10/2011,
7/11/2011,
7/12/2011,
7/13/2011,
7/14/2011,
7/15/2011,
7/16/2011,
7/17/2011,
7/18/2011,
7/19/2011,
7/20/2011,
7/21/2011,
7/22/2011,
7/23/2011,
7/24/2011,
7/25/2011,
7/26/2011,
7/27/2011,
7/28/2011,
7/29/2011,
7/30/2011,
7/31/2011,
8/1/2011,
8/2/2011,
8/3/2011,
8/4/2011,
8/5/2011,
8/6/2011,
8/7/2011,
8/8/2011,
8/9/2011,
8/10/2011,
8/11/2011,
8/12/2011,
8/13/2011,
8/14/2011,
8/15/2011,
8/16/2011,
8/17/2011,
8/18/2011,
8/19/2011,
8/20/2011,
8/21/2011,
8/22/2011,
8/23/2011,
8/24/2011,
8/25/2011,
8/26/2011,
8/27/2011,
8/28/2011,
8/29/2011,
8/30/2011,
8/31/2011,
9/1/2011,
9/2/2011,
9/3/2011,
9/4/2011,
9/5/2011,
9/6/2011,
9/7/2011,
9/8/2011,
9/9/2011,
9/10/2011,
9/11/2011,
9/12/2011,9.354444444
9/13/2011,9.097369792
9/14/2011,9.087020833
9/15/2011,9.517270833
9/16/2011,9.490666667
9/17/2011,9.324973958
9/18/2011,9.231744792
9/19/2011,9.239619792
9/20/2011,9.467395833
9/21/2011,9.411598958
9/22/2011,9.213307292
9/23/2011,9.312520833
9/24/2011,9.629015625
9/25/2011,9.944369792
9/26/2011,10.05753125
9/27/2011,10.31239063
9/28/2011,11.39700521
9/29/2011,10.98507292
9/30/2011,10.60666667
10/1/2011,10.19106771
10/2/2011,9.736416667
10/3/2011,9.505942708
10/4/2011,9.466328125
10/5/2011,10.43847917
10/6/2011,12.11742188
10/7/2011,12.46285938
10/8/2011,12.19778125
10/9/2011,11.25493229
10/10/2011,10.64439583
10/11/2011,10.28145313
10/12/2011,10.43728125
10/13/2011,11.8364375
10/14/2011,11.46261979
10/15/2011,10.37408854
10/16/2011,9.906661458
10/17/2011,9.638515625
10/18/2011,9.389140625
10/19/2011,9.198432292
10/20/2011,9.538317708
10/21/2011,9.603463542
10/22/2011,9.65284375
10/23/2011,9.763609375
10/24/2011,9.7355
10/25/2011,9.488505208
10/26/2011,9.163
10/27/2011,8.820328125
10/28/2011,8.633963542
10/29/2011,8.558015625
10/30/2011,8.638588542
10/31/2011,8.740010417
11/1/2011,8.76946875
11/2/2011,8.743494792
11/3/2011,8.713020833
11/4/2011,8.675942708
11/5/2011,8.579234375
11/6/2011,8.542369792
11/7/2011,8.498354167
11/8/2011,8.568932292
11/9/2011,8.674848958
11/10/2011,8.679484375
11/11/2011,8.7161875
11/12/2011,8.6835625
11/13/2011,8.605166667
11/14/2011,8.485286458
11/15/2011,8.396822917
11/16/2011,8.292416667
11/17/2011,8.277833333
11/18/2011,8.197625
11/19/2011,8.128458333
11/20/2011,8.063979167
11/21/2011,8.086244792
11/22/2011,8.116375
11/23/2011,8.517057292
11/24/2011,9.042625
11/25/2011,9.723567708
11/26/2011,9.86775
11/27/2011,9.550578125
11/28/2011,9.7076875
11/29/2011,9.827786458
11/30/2011,9.499776042
12/1/2011,9.047609375
12/2/2011,8.830984375
12/3/2011,8.60771875
12/4/2011,8.504578125
12/5/2011,8.339796875
12/6/2011,8.288765625
12/7/2011,8.279916667
12/8/2011,8.206479167
12/9/2011,8.146588542
12/10/2011,8.095588542
12/11/2011,8.108614583
12/12/2011,7.973661458
12/13/2011,7.924208333
12/14/2011,7.913151042
12/15/2011,7.898390625
12/16/2011,7.905161458
12/17/2011,7.888338542
12/18/2011,7.918296875
12/19/2011,7.907302083
12/20/2011,7.919348958
12/21/2011,7.826270833
12/22/2011,7.728875
12/23/2011,7.676239583
12/24/2011,7.676270833
12/25/2011,7.6523125
12/26/2011,7.628276042
12/27/2011,7.664276042
12/28/2011,7.7148125
12/29/2011,7.754401042
12/30/2011,8.057328125
12/31/2011,8.017244792
1/1/2012,8.051546875
1/2/2012,7.924682292
1/3/2012,7.826270833
1/4/2012,7.856583333
1/5/2012,8.078520833
1/6/2012,8.298645833
1/7/2012,8.297104167
1/8/2012,8.154916667
1/9/2012,8.065572917
1/10/2012,7.9393125
1/11/2012,7.744447917
1/12/2012,7.615739583
1/13/2012,7.579765625
1/14/2012,7.547739583
1/15/2012,7.468572917
1/16/2012,7.374973958
1/17/2012,7.2495625
1/18/2012,7.114994792
1/19/2012,7.278364583
1/20/2012,7.378119792
1/21/2012,7.351942708
1/22/2012,7.24059375
1/23/2012,7.262208333
1/24/2012,7.357583333
1/25/2012,7.5483125
1/26/2012,7.59640625
1/27/2012,7.566036458
1/28/2012,7.6178125
1/29/2012,7.597057292
1/30/2012,7.513104167
1/31/2012,7.48528125
2/1/2012,7.458604167
2/2/2012,7.502640625
2/3/2012,7.453911458
2/4/2012,7.417421875
2/5/2012,7.389140625
2/6/2012,7.40584375
2/7/2012,7.412109375
2/8/2012,7.513130208
2/9/2012,7.546755208
2/10/2012,7.553052083
2/11/2012,7.533078125
2/12/2012,7.485734375
2/13/2012,7.557770833
2/14/2012,7.575104167
2/15/2012,7.556713542
2/16/2012,7.550963542
2/17/2012,7.602828125
2/18/2012,7.5891875
2/19/2012,7.513114583
2/20/2012,7.516286458
2/21/2012,7.5766875
2/22/2012,7.580927083
2/23/2012,7.546776042
2/24/2012,7.551453125
2/25/2012,7.4701875
2/26/2012,7.326802083
2/27/2012,7.394479167
2/28/2012,7.505765625
2/29/2012,7.533479167
3/1/2012,7.528317708
3/2/2012,7.374588542
3/3/2012,7.423203125
3/4/2012,7.50046875
3/5/2012,7.469635417
3/6/2012,7.540255814
3/7/2012,7.383225694
3/8/2012,7.478392361
3/9/2012,7.511733696
3/10/2012,7.556583333
3/11/2012,7.568270833
3/12/2012,7.465395833
3/13/2012,7.44613125
3/14/2012,7.451832461
3/15/2012,7.573937173
3/16/2012,7.639586387
3/17/2012,7.678863874
3/18/2012,7.711842932
3/19/2012,7.648994764
3/20/2012,7.575052356
3/21/2012,7.502753927
3/22/2012,7.517036649
3/23/2012,7.569586387
3/24/2012,7.577596859
3/25/2012,7.607450262
3/26/2012,7.628560209
3/27/2012,7.686188482
3/28/2012,7.763675393
3/29/2012,7.975801047
3/30/2012,8.151277487
3/31/2012,8.220219895
4/1/2012,8.180429319
4/2/2012,8.187235602
4/3/2012,8.272581152
4/4/2012,8.268361257
4/5/2012,8.31586911
4/6/2012,8.235361257
4/7/2012,8.098895288
4/8/2012,8.031596859
4/9/2012,8.055251309
4/10/2012,8.07908377
4/11/2012,8.108853403
4/12/2012,8.103638743
4/13/2012,8.138586387
4/14/2012,8.315853403
4/15/2012,8.577413613
4/16/2012,8.895769634
4/17/2012,8.695581152
4/18/2012,8.722628272
4/19/2012,8.707507853
4/20/2012,9.121109948
4/21/2012,9.495801047
4/22/2012,9.29865445
4/23/2012,9.445068063
4/24/2012,9.409481675
4/25/2012,9.23339267
4/26/2012,9.077979058
4/27/2012,9.158753927
4/28/2012,9.803806283
4/29/2012,10.4700733
4/30/2012,10.34424084
5/1/2012,10.07517801
5/2/2012,9.692623037
5/3/2012,9.19047644
5/4/2012,9.105801047
5/5/2012,9.193104712
5/6/2012,9.17391623
5/7/2012,9.151
5/8/2012,9.021979058
5/9/2012,8.81982199
5/10/2012,8.76
5/11/2012,8.757884817
5/12/2012,8.690329843
5/13/2012,8.780251309
5/14/2012,8.897549738
5/15/2012,9.05978534
5/16/2012,9.188633508
5/17/2012,9.036691099
5/18/2012,9.390099476
5/19/2012,9.256649215
5/20/2012,8.931146597
5/21/2012,8.606947644
5/22/2012,8.681329843
5/23/2012,8.832335079
5/24/2012,8.977293194
5/25/2012,9.000481675
5/26/2012,8.970256545
5/27/2012,9.208853403
5/28/2012,9.39182199
5/29/2012,9.27521466
5/30/2012,8.929554974
5/31/2012,8.625774869
6/1/2012,8.530382199
6/2/2012,8.921099476
6/3/2012,9.190769634
6/4/2012,8.915460733
6/5/2012,8.757434555
6/6/2012,8.614973822
6/7/2012,8.426528796
6/8/2012,8.345073298
6/9/2012,8.60091623
6/10/2012,8.958240838
6/11/2012,8.997282723
6/12/2012,9.041104712
6/13/2012,9.404272251
6/14/2012,9.505921466
6/15/2012,9.083308901
6/16/2012,8.80526178
6/17/2012,8.925465969
6/18/2012,9.318450262
6/19/2012,9.364659686
6/20/2012,9.178863874
6/21/2012,8.904015707
6/22/2012,8.853094241
6/23/2012,8.819801047
6/24/2012,8.675073298
6/25/2012,8.791528796
6/26/2012,9.110026178
6/27/2012,9.202036649
6/28/2012,8.824497382
6/29/2012,8.585853403
6/30/2012,8.783649215
7/1/2012,9.374931937
7/2/2012,9.489680628
7/3/2012,9.42291623
7/4/2012,9.330863874
7/5/2012,9.227486911
7/6/2012,9.149439791
7/7/2012,9.153408377
7/8/2012,9.318450262
7/9/2012,9.555565445
7/10/2012,9.488455497
7/11/2012,9.647303665
7/12/2012,9.756701571
7/13/2012,9.820429319
7/14/2012,9.83717801
7/15/2012,9.999549738
7/16/2012,9.880685864
7/17/2012,10.0111466
7/18/2012,10.13044503
7/19/2012,9.906811518
7/20/2012,10.18483246
7/21/2012,10.07740838
7/22/2012,9.90095288
7/23/2012,9.882403141
7/24/2012,9.692099476
7/25/2012,9.320844444
7/26/2012,9.370284211
7/27/2012,9.557873684
7/28/2012,9.484852632
7/29/2012,9.686357895
7/30/2012,9.725610526
7/31/2012,9.740663158
8/1/2012,9.732494737
8/2/2012,9.744852632
8/3/2012,9.461294737
8/4/2012,9.070084211
8/5/2012,8.897263158
8/6/2012,9.087568421
8/7/2012,9.329242105
8/8/2012,9.417810526
8/9/2012,9.609568421
8/10/2012,9.762463158
8/11/2012,10.10437895
8/12/2012,10.14866316
8/13/2012,10.45248421
8/14/2012,10.25343158
8/15/2012,9.616431579
8/16/2012,9.127168421
8/17/2012,8.987336842
8/18/2012,9.259652632
8/19/2012,9.709663158
8/20/2012,9.755757895
8/21/2012,9.646989474
8/22/2012,9.583031579
8/23/2012,9.670694737
8/24/2012,9.456778947
8/25/2012,9.426435897
8/26/2012,
8/27/2012,
8/28/2012,
8/29/2012,9.383921875
8/30/2012,9.459536842
8/31/2012,9.484378947
9/1/2012,9.449978947
9/2/2012,9.435442105
9/3/2012,9.250084211
9/4/2012,9.168147368
9/5/2012,9.101705263
9/6/2012,8.8678
9/7/2012,8.705705263
9/8/2012,8.908178947
9/9/2012,9.385084211
9/10/2012,10.31608421
9/11/2012,10.88574737
9/12/2012,10.04788421
9/13/2012,9.461157895
9/14/2012,9.199747368
9/15/2012,9.245568421
9/16/2012,9.170378947
9/17/2012,9.046210526
9/18/2012,8.7968
9/19/2012,9.032747368
9/20/2012,9.210115789
9/21/2012,9.243484211
9/22/2012,9.078989474
9/23/2012,9.093547368
9/24/2012,9.100789474
9/25/2012,9.268410526
9/26/2012,9.218263158
9/27/2012,9.095115789
9/28/2012,9.114126316
9/29/2012,9.093863158
9/30/2012,8.870957895
10/1/2012,8.979494737
10/2/2012,9.104915789
10/3/2012,8.705084211
10/4/2012,8.398368421
10/5/2012,8.254536842
10/6/2012,8.152494737
10/7/2012,8.137968421
10/8/2012,8.262831579
10/9/2012,8.771736842
10/10/2012,9.104810526
10/11/2012,9.208021053
10/12/2012,9.275673684
10/13/2012,9.064042105
10/14/2012,8.874463158
10/15/2012,9.165410526
10/16/2012,9.400431579
10/17/2012,9.339063158
10/18/2012,9.3586
10/19/2012,9.279821053
10/20/2012,9.226947368
10/21/2012,9.060273684
10/22/2012,8.873631579
10/23/2012,8.803315789
10/24/2012,8.835842105
10/25/2012,8.985294737
10/26/2012,9.180168421
10/27/2012,9.274842105
10/28/2012,9.324578947
10/29/2012,9.434610526
10/30/2012,9.467842105
10/31/2012,9.420052632
11/1/2012,9.355547368
11/2/2012,10.31465263
11/3/2012,10.90043158
11/4/2012,11.19312632
11/5/2012,11.29062105
11/6/2012,11.17562105
11/7/2012,10.75922105
11/8/2012,10.22891579
11/9/2012,9.639178947
11/10/2012,9.324452632
11/11/2012,9.009263158
11/12/2012,8.994631579
11/13/2012,8.923810526
11/14/2012,9.043652632
11/15/2012,9.197747368
11/16/2012,9.098884211
11/17/2012,8.991526316
11/18/2012,8.914431579
11/19/2012,9.038305263
11/20/2012,9.774831579
11/21/2012,10.58785263
11/22/2012,10.63431579
11/23/2012,10.59735789
11/24/2012,10.48491579
11/25/2012,10.56636842
11/26/2012,10.20216842
11/27/2012,9.564442105
11/28/2012,9.211326316
11/29/2012,9.080126316
11/30/2012,9.022810526
12/1/2012,9.084294737
12/2/2012,9.335926316
12/3/2012,9.632873684
12/4/2012,10.14523158
12/5/2012,10.33430526
12/6/2012,10.32605263
12/7/2012,10.31057895
12/8/2012,10.14862105
12/9/2012,9.780126316
12/10/2012,9.410610526
12/11/2012,9.246852632
12/12/2012,9.160368421
12/13/2012,9.073873684
12/14/2012,9.058231579
12/15/2012,8.976873684
12/16/2012,8.923663158
12/17/2012,8.809536842
12/18/2012,8.721694737
12/19/2012,8.7594
12/20/2012,8.754115789
12/21/2012,8.9258
12/22/2012,9.0374
12/23/2012,9.092631579
12/24/2012,9.111389474
12/25/2012,9.092631579
12/26/2012,8.862157895
12/27/2012,8.780052632
12/28/2012,8.743568421
12/29/2012,8.742526316
12/30/2012,8.706052632
12/31/2012,8.660157895
1/1/2013,8.6414
1/2/2013,8.627768421
1/3/2013,8.597557895
1/4/2013,8.647705263
1/5/2013,8.703968421
1/6/2013,8.705010526
1/7/2013,8.592410526
1/8/2013,8.504157895
1/9/2013,8.406831579
1/10/2013,8.356684211
1/11/2013,8.273578947
1/12/2013,8.258821053
1/13/2013,8.323031579
1/14/2013,8.349294737
1/15/2013,8.352473684
1/16/2013,8.330315789
1/17/2013,8.335610526
1/18/2013,8.334941176
1/19/2013,
1/20/2013,
1/21/2013,
1/22/2013,
1/23/2013,
1/24/2013,
1/25/2013,
1/26/2013,
1/27/2013,8.03925
1/28/2013,7.919010526
1/29/2013,7.875684211
1/30/2013,7.906452632
1/31/2013,7.975557895
2/1/2013,7.983
2/2/2013,7.978747368
2/3/2013,7.969178947
2/4/2013,7.909642105
2/5/2013,7.9022
2/6/2013,7.933031579
2/7/2013,7.884126316
2/8/2013,7.858936842
2/9/2013,7.940578947
2/10/2013,7.973368421
2/11/2013,7.958484211
2/12/2013,7.927715789
2/13/2013,7.917084211
2/14/2013,7.910705263
2/15/2013,7.882
2/16/2013,7.8916
2/17/2013,7.851473684
2/18/2013,7.874631579
2/19/2013,7.800947368
2/20/2013,7.771473684
2/21/2013,7.779894737
2/22/2013,7.778842105
2/23/2013,7.739894737
2/24/2013,7.691473684
2/25/2013,7.709368421
2/26/2013,7.650336842
2/27/2013,7.678842105
2/28/2013,7.679894737
3/1/2013,7.694631579
3/2/2013,7.744105263
3/3/2013,7.8656
3/4/2013,7.916147368
3/5/2013,7.786210526
3/6/2013,7.730421053
3/7/2013,7.691473684
3/8/2013,7.704147368
3/9/2013,7.706210526
3/10/2013,7.782
3/11/2013,7.775726316
3/12/2013,7.770421053
3/13/2013,7.750421053
3/14/2013,7.833589474
3/15/2013,8.048915789
3/16/2013,8.208315789
3/17/2013,8.177789474
3/18/2013,8.150421053
3/19/2013,8.028715789
3/20/2013,7.976410526
3/21/2013,7.839894737
3/22/2013,7.796789474
3/23/2013,7.779894737
3/24/2013,7.788347368
3/25/2013,7.789421053
3/26/2013,7.7978
3/27/2013,7.795726316
3/28/2013,7.842157895
3/29/2013,7.857884211
3/30/2013,7.875831579
3/31/2013,7.924284211
4/1/2013,7.974042105
4/2/2013,8.044421053
4/3/2013,8.094726316
4/4/2013,8.065442105
4/5/2013,8.002484211
4/6/2013,8.032989474
4/7/2013,8.426378947
4/8/2013,8.758336842
4/9/2013,8.750789474
4/10/2013,8.754147368
4/11/2013,9.001757895
4/12/2013,8.881736842
4/13/2013,8.727
4/14/2013,8.690463158
4/15/2013,8.4466
4/16/2013,8.367052632
4/17/2013,8.466547368
4/18/2013,8.480168421
4/19/2013,8.520947368
4/20/2013,8.741778947
4/21/2013,8.806547368
4/22/2013,8.625635036
4/23/2013,8.364994737
4/24/2013,8.234915789
4/25/2013,8.403021053
4/26/2013,8.460789474
4/27/2013,8.271257895
4/28/2013,8.377905263
4/29/2013,8.219894737
4/30/2013,8.267226316
5/1/2013,8.311889474
5/2/2013,8.371652632
5/3/2013,8.244836842
5/4/2013,8.128857895
5/5/2013,8.027721053
5/6/2013,8.135963158
5/7/2013,8.556884211
5/8/2013,8.784984211
5/9/2013,8.998747368
5/10/2013,9.049826316
5/11/2013,8.818452632
5/12/2013,8.585747368
5/13/2013,8.361042105
5/14/2013,8.524926316
5/15/2013,8.744810526
5/16/2013,8.717057895
5/17/2013,8.791852632
5/18/2013,8.874484211
5/19/2013,9.061178947
5/20/2013,9.431878947
5/21/2013,9.802494737
5/22/2013,9.565631579
5/23/2013,9.001836842
5/24/2013,8.744536842
5/25/2013,8.412315789
5/26/2013,8.348389474
5/27/2013,8.229273684
5/28/2013,8.231457895
5/29/2013,8.396836842
5/30/2013,9.267405263
5/31/2013,9.728047368
6/1/2013,10.20916316
6/2/2013,10.69341579
6/3/2013,11.16528947
6/4/2013,11.14183684
6/5/2013,10.83423158
6/6/2013,10.25594737
6/7/2013,9.9462
6/8/2013,9.788610526
6/9/2013,9.693157895
6/10/2013,9.680036842
6/11/2013,9.513352632
6/12/2013,9.117794737
6/13/2013,8.838068421
6/14/2013,9.242268421
6/15/2013,9.304394737
6/16/2013,9.601552632
6/17/2013,9.678215789
6/18/2013,9.418526316
6/19/2013,9.418994737
6/20/2013,10.38528421
6/21/2013,10.30167895
6/22/2013,9.990468421
6/23/2013,9.3906
6/24/2013,8.858778947
6/25/2013,9.036089474
6/26/2013,8.960036364
6/27/2013,8.749326316
6/28/2013,10.6652
6/29/2013,12.32024211
6/30/2013,12.96145263
7/1/2013,14.01121053
7/2/2013,14.46030526
7/3/2013,13.90546316
7/4/2013,12.96927368
7/5/2013,11.91495789
7/6/2013,10.99488421
7/7/2013,10.24662105
7/8/2013,9.884568421
7/9/2013,9.970705263
7/10/2013,10.67442105
7/11/2013,10.68707368
7/12/2013,10.4562
7/13/2013,10.43010526
7/14/2013,10.67435789
7/15/2013,10.43709474
7/16/2013,9.867368421
7/17/2013,9.825168421
7/18/2013,10.56542105
7/19/2013,11.12468421
7/20/2013,11.38207368
7/21/2013,11.29195789
7/22/2013,10.31450526
7/23/2013,9.906642105
7/24/2013,9.539347368
7/25/2013,9.531042105
7/26/2013,9.574642105
7/27/2013,9.658557895
7/28/2013,9.408557895
7/29/2013,9.400621053
7/30/2013,9.463157895
7/31/2013,9.766189474
8/1/2013,10.18537895
8/2/2013,9.8642
8/3/2013,10.07552632
8/4/2013,10.2764
8/5/2013,10.59442105
8/6/2013,10.6616
8/7/2013,10.63155789
8/8/2013,10.41107368
8/9/2013,10.15449474
8/10/2013,9.959905263
8/11/2013,10.11433684
8/12/2013,9.953757895
8/13/2013,10.1322027
8/14/2013,9.589014085
8/15/2013,9.100239437
8/16/2013,8.93028169
8/17/2013,9.078507042
8/18/2013,9.522746479
8/19/2013,9.421830986
8/20/2013,9.521873239
8/21/2013,9.503746479
8/22/2013,9.371366197
8/23/2013,9.17528169
8/24/2013,9.025056338
8/25/2013,8.779239437
8/26/2013,9.038661972
8/27/2013,9.251084507
8/28/2013,8.872577465
8/29/2013,9.243816901
8/30/2013,9.516464789
8/31/2013,9.896492958
9/1/2013,10.43111268
9/2/2013,10.81569014
9/3/2013,10.74695775
9/4/2013,10.53328169
9/5/2013,10.4835493
9/6/2013,10.26249296
9/7/2013,10.00971831
9/8/2013,9.883887324
9/9/2013,9.941873239
9/10/2013,10.13319718
9/11/2013,9.564605634
9/12/2013,9.408507042
9/13/2013,9.236619718
9/14/2013,9.359042254
9/15/2013,9.684352113
9/16/2013,9.852253521
9/17/2013,9.811971831
9/18/2013,9.696647887
9/19/2013,9.496676056
9/20/2013,9.154704225
9/21/2013,9.097661972
9/22/2013,9.107309859
9/23/2013,9.335859155
9/24/2013,10.58176056
9/25/2013,11.91994366
9/26/2013,11.46240845
9/27/2013,10.85957746
9/28/2013,10.50183099
9/29/2013,10.33215493
9/30/2013,13.19022535
10/1/2013,14.40911268
10/2/2013,14.27660563
10/3/2013,13.24890141
10/4/2013,11.93116901
10/5/2013,11.48729577
10/6/2013,10.85926761
10/7/2013,10.46584507
10/8/2013,10.55115493
10/9/2013,10.80476056
10/10/2013,10.58161972
10/11/2013,10.05304225
10/12/2013,9.925887324
10/13/2013,9.818985915
10/14/2013,9.495521127
10/15/2013,9.292591549
10/16/2013,9.154394366
10/17/2013,9.016774648
10/18/2013,8.800352113
10/19/2013,8.584816901
10/20/2013,8.532971831
10/21/2013,8.453169014
10/22/2013,8.245338028
10/23/2013,8.229887324
10/24/2013,8.376070423
10/25/2013,8.542901408
10/26/2013,8.617042254
10/27/2013,8.673042254
10/28/2013,8.773619718
10/29/2013,8.705225352
10/30/2013,8.682704225
10/31/2013,8.671422535
11/1/2013,8.68556338
11/2/2013,8.756901408
11/3/2013,8.870394366
11/4/2013,8.713492958
11/5/2013,8.505014085
11/6/2013,8.238338028
11/7/2013,8.163690141
11/8/2013,8.215802817
11/9/2013,8.239746479
11/10/2013,8.259464789
11/11/2013,8.284816901
11/12/2013,8.317211268
11/13/2013,8.332647887
11/14/2013,8.448957746
11/15/2013,8.499422535
11/16/2013,8.502197183
11/17/2013,8.464352113
11/18/2013,8.428042254
11/19/2013,8.291830986
11/20/2013,8.177774648
11/21/2013,7.968338028
11/22/2013,7.93884507
11/23/2013,7.916408451
11/24/2013,7.910605634
11/25/2013,7.996901408
11/26/2013,8.003816901
11/27/2013,8.099084507
11/28/2013,8.128464789
11/29/2013,8.17356338
11/30/2013,8.342507042
12/1/2013,8.397042254
12/2/2013,8.367887324
12/3/2013,8.153873239
12/4/2013,7.902084507
12/5/2013,7.714126761
12/6/2013,7.562957746
12/7/2013,7.342098592
12/8/2013,7.370450704
12/9/2013,7.491183099
12/10/2013,7.564760563
12/11/2013,7.604338028
12/12/2013,7.563394366
12/13/2013,7.600225352
12/14/2013,7.629887324
12/15/2013,7.636929577
12/16/2013,7.658056338
12/17/2013,7.643859155
12/18/2013,7.64956338
12/19/2013,7.611450704
12/20/2013,7.588887324
12/21/2013,7.651
12/22/2013,7.682
12/23/2013,7.682
12/24/2013,7.679183099
12/25/2013,7.610140845
12/26/2013,7.632704225
12/27/2013,7.554957746
12/28/2013,7.580521127
12/29/2013,7.574802817
12/30/2013,7.651014085
12/31/2013,7.683408451
1/1/2014,7.690450704
1/2/2014,7.697492958
1/3/2014,7.659450704
1/4/2014,7.574661972
1/5/2014,7.533746479
1/6/2014,7.579042254
1/7/2014,7.634028169
1/8/2014,7.674957746
1/9/2014,7.614394366
1/10/2014,7.708760563
1/11/2014,7.693267606
1/12/2014,7.700309859
1/13/2014,7.834112676
1/14/2014,7.882
1/15/2014,7.882
1/16/2014,7.820028169
1/17/2014,7.766507042
1/18/2014,7.727070423
1/19/2014,7.745380282
1/20/2014,7.729887324
1/21/2014,7.670732394
1/22/2014,7.686225352
1/23/2014,7.703126761
1/24/2014,7.704535211
1/25/2014,7.683408451
1/26/2014,7.711577465
1/27/2014,7.756647887
1/28/2014,7.789042254
1/29/2014,7.827084507
1/30/2014,7.810169014
1/31/2014,7.769323944
2/1/2014,7.759464789
2/2/2014,7.739746479
2/3/2014,7.686070423
2/4/2014,7.553422535
2/5/2014,7.53756338
2/6/2014,7.489098592
2/7/2014,7.439802817
2/8/2014,7.499478873
2/9/2014,7.427450704
2/10/2014,7.43028169
2/11/2014,7.45284507
2/12/2014,7.402126761
2/13/2014,7.441647887
2/14/2014,7.643732394
2/15/2014,7.703126761
2/16/2014,7.64256338
2/17/2014,7.610169014
2/18/2014,7.486774648
2/19/2014,7.406309859
2/20/2014,7.402126761
2/21/2014,7.372366197
2/22/2014,7.402126761
2/23/2014,7.365253521
2/24/2014,7.325521127
2/25/2014,7.452788732
2/26/2014,7.53656338
2/27/2014,7.674957746
2/28/2014,7.725661972
3/1/2014,7.655169014
3/2/2014,7.672070423
3/3/2014,7.776366197
3/4/2014,7.694676056
3/5/2014,7.693267606
3/6/2014,7.789225352
3/7/2014,8.361549296
3/8/2014,8.531690141
3/9/2014,8.619971831
3/10/2014,8.867521127
3/11/2014,8.938859155
3/12/2014,8.644887324
3/13/2014,8.528591549
3/14/2014,8.402492958
3/15/2014,8.228507042
3/16/2014,8.167957746
3/17/2014,8.251028169
3/18/2014,8.385830986
3/19/2014,8.332676056
3/20/2014,8.256647887
3/21/2014,8.190450704
3/22/2014,8.09328169
3/23/2014,8.079253521
3/24/2014,8.150041667
3/25/2014,8.174957746
3/26/2014,8.197492958
3/27/2014,8.232704225
3/28/2014,8.349478873
3/29/2014,8.357943662
3/30/2014,8.541169014
3/31/2014,9.362042254
4/1/2014,9.13643662
4/2/2014,9.284140845
4/3/2014,9.465985915
4/4/2014,9.563690141
4/5/2014,9.715042254
4/6/2014,9.917492958
4/7/2014,9.817478873
4/8/2014,10.44926761
4/9/2014,10.48395775
4/10/2014,10.36364789
4/11/2014,9.727380282
4/12/2014,9.443957746
4/13/2014,9.07884507
4/14/2014,8.877070423
4/15/2014,8.859042254
4/16/2014,8.731732394
4/17/2014,8.639394366
4/18/2014,8.64371831
4/19/2014,8.674394366
4/20/2014,8.593352113
4/21/2014,8.604549296
4/22/2014,8.699591549
4/23/2014,8.826746479
4/24/2014,8.835323944
4/25/2014,8.934450704
4/26/2014,9.374633803
4/27/2014,9.663591549
4/28/2014,10.09960563
4/29/2014,10.20280282
4/30/2014,9.933732394
5/1/2014,9.527464789
5/2/2014,9.459366197
5/3/2014,9.916070423
5/4/2014,9.869014085
5/5/2014,10.44312676
5/6/2014,11.6601831
5/7/2014,12.07019718
5/8/2014,11.76097183
5/9/2014,11.54877465
5/10/2014,11.76830986
5/11/2014,11.88023944
5/12/2014,11.68874648
5/13/2014,10.7831831
5/14/2014,10.31887324
5/15/2014,9.978098592
5/16/2014,9.908915493
5/17/2014,9.802408451
5/18/2014,9.950633803
5/19/2014,10.04876056
5/20/2014,10.16912676
5/21/2014,10.20240845
5/22/2014,10.16864789
5/23/2014,10.05214085
5/24/2014,10.08340845
5/25/2014,9.705295775
5/26/2014,9.458
5/27/2014,9.470549296
5/28/2014,9.438521127
5/29/2014,9.780267606
5/30/2014,9.601056338
5/31/2014,9.506704225
6/1/2014,9.528732394
6/2/2014,9.652450704
6/3/2014,9.726028169
6/4/2014,9.582394366
6/5/2014,9.536774648
6/6/2014,10.00070423
6/7/2014,10.74922535
6/8/2014,10.8294507
6/9/2014,11.08632394
6/10/2014,11.18605634
6/11/2014,10.16938028
6/12/2014,9.946366197
6/13/2014,9.970873239
6/14/2014,9.98843662
6/15/2014,9.676084507
6/16/2014,9.609478873
6/17/2014,9.661746479
6/18/2014,9.878366197
6/19/2014,9.703169014
6/20/2014,9.641225352
6/21/2014,9.531394366
6/22/2014,9.361394366
6/23/2014,9.692450704
6/24/2014,9.680225352
6/25/2014,9.487239437
6/26/2014,9.355
6/27/2014,9.392732394
6/28/2014,9.261957746
6/29/2014,9.330098592
6/30/2014,9.57156338
7/1/2014,9.720408451
7/2/2014,10.01547887
7/3/2014,10.37057746
7/4/2014,10.23078873
7/5/2014,9.927267606
7/6/2014,9.553197183
7/7/2014,9.704971831
7/8/2014,10.27035211
7/9/2014,10.40797183
7/10/2014,10.1261831
7/11/2014,9.93156338
7/12/2014,9.863774648
7/13/2014,10.11107042
7/14/2014,10.06253521
7/15/2014,10.11504225
7/16/2014,10.13438028
7/17/2014,10.16171831
7/18/2014,9.930577465
7/19/2014,9.937690141
7/20/2014,10.16835211
7/21/2014,10.19667442
7/22/2014,
7/23/2014,
7/24/2014,
7/25/2014,
7/26/2014,
7/27/2014,
7/28/2014,
7/29/2014,
7/30/2014,
7/31/2014,
8/1/2014,
8/2/2014,
8/3/2014,9.841285714
8/4/2014,10.66346479
8/5/2014,11.15211268
8/6/2014,11.18046479
8/7/2014,11.25790141
8/8/2014,11.44998592
8/9/2014,11.55785915
8/10/2014,11.12325352
8/11/2014,10.47784507
8/12/2014,10.03488732
8/13/2014,9.735732394
8/14/2014,9.364873239
8/15/2014,9.472971831
8/16/2014,9.916070423
8/17/2014,10.09585915
8/18/2014,10.12032394
8/19/2014,10.09170423
8/20/2014,10.16987324
8/21/2014,10.14788732
8/22/2014,10.26167606
8/23/2014,10.53695775
8/24/2014,10.71709859
8/25/2014,10.48729577
8/26/2014,10.40907042
8/27/2014,10.3344507
8/28/2014,10.48773239
8/29/2014,10.31614085
8/30/2014,10.0328169
8/31/2014,10.29691549
9/1/2014,10.27167606
9/2/2014,10.33029577
9/3/2014,10.22343662
9/4/2014,10.0844507
9/5/2014,9.917450704
9/6/2014,9.697605634
9/7/2014,9.597929577
9/8/2014,9.79671831
9/9/2014,9.766295775
9/10/2014,9.939408451
9/11/2014,9.494197183
9/12/2014,9.072676056
9/13/2014,8.927507042
9/14/2014,8.919056338
9/15/2014,9.002295775
9/16/2014,9.111394366
9/17/2014,9.573422535
9/18/2014,9.838422535
9/19/2014,10.01415493
9/20/2014,10.16902817
9/21/2014,10.07512676
9/22/2014,10.33609859
9/23/2014,10.12907042
9/24/2014,10.26176056
9/25/2014,10.39702817
9/26/2014,10.90380282
9/27/2014,10.92442254
9/28/2014,11.08098592
9/29/2014,11.20602817
9/30/2014,11.11949296
10/1/2014,10.85553521
10/2/2014,10.63111268
10/3/2014,10.39005634
10/4/2014,10.24792958
10/5/2014,10.07521127
10/6/2014,9.909267606
10/7/2014,9.837140845
10/8/2014,9.787169014
10/9/2014,9.473309859
10/10/2014,9.298112676
10/11/2014,9.350816901
10/12/2014,9.455253521
10/13/2014,9.588676056
10/14/2014,9.615042254
10/15/2014,9.857661972
10/16/2014,11.0778169
10/17/2014,11.96108451
10/18/2014,13.45346479
10/19/2014,14.38340845
10/20/2014,14.02870423
10/21/2014,14.08667606
10/22/2014,13.89467606
10/23/2014,14.23626761
10/24/2014,14.6006338
10/25/2014,14.3726338
10/26/2014,13.70657746
10/27/2014,13.55084507
10/28/2014,13.62546479
10/29/2014,13.54691549
10/30/2014,13.76070423
10/31/2014,14.02988732
11/1/2014,13.94335211
11/2/2014,13.25549296
11/3/2014,12.70877465
11/4/2014,12.28695775
11/5/2014,12.2668169
11/6/2014,12.60871831
11/7/2014,12.71338028
11/8/2014,12.81521127
11/9/2014,12.72007042
11/10/2014,12.46852113
11/11/2014,11.55570423
11/12/2014,10.27691549
11/13/2014,9.671873239
11/14/2014,9.64415493
11/15/2014,9.749661972
11/16/2014,9.748309859
11/17/2014,9.875929577
11/18/2014,9.856478873
11/19/2014,9.831577465
11/20/2014,9.814985915
11/21/2014,9.779042254
11/22/2014,9.770577465
11/23/2014,9.78028169
11/24/2014,9.740126761
11/25/2014,9.735985915
11/26/2014,9.677464789
11/27/2014,9.631732394
11/28/2014,9.637422535
11/29/2014,9.766295775
11/30/2014,9.734394366
12/1/2014,9.499746479
12/2/2014,9.320464789
12/3/2014,9.220605634
12/4/2014,9.157873239
12/5/2014,9.13556338
12/6/2014,9.143929577
12/7/2014,9.124408451
12/8/2014,9.152295775
12/9/2014,9.380253521
12/10/2014,9.673394366
12/11/2014,10.81547887
12/12/2014,10.94925352
12/13/2014,10.97387324
12/14/2014,11.0275493
12/15/2014,10.64084507
12/16/2014,10.04335211
12/17/2014,9.753830986
12/18/2014,9.568183099
12/19/2014,9.470605634
12/20/2014,9.445507042
12/21/2014,9.449690141
12/22/2014,9.583126761
12/23/2014,9.702577465
12/24/2014,9.622098592
12/25/2014,9.506774648
12/26/2014,9.476211268
12/27/2014,9.530478873
12/28/2014,9.533253521
12/29/2014,9.377492958
12/30/2014,9.445126761
12/31/2014,9.535971831
1/1/2015,9.479028169
1/2/2015,9.388535211
1/3/2015,9.349619718
1/4/2015,9.328732394
1/5/2015,9.373239437
1/6/2015,9.334352113
1/7/2015,9.283126761
1/8/2015,9.242859155
1/9/2015,9.202478873
1/10/2015,9.222014085
1/11/2015,9.203887324
1/12/2015,9.180183099
1/13/2015,9.171816901
1/14/2015,9.125802817
1/15/2015,9.095126761
1/16/2015,9.037957746
1/17/2015,9.004492958
1/18/2015,9.01843662
1/19/2015,8.972422535
1/20/2015,8.835295775
1/21/2015,8.859169014
1/22/2015,8.876112676
1/23/2015,8.894338028
1/24/2015,8.954295775
1/25/2015,8.996126761
1/26/2015,9.125802817
1/27/2015,9.111859155
1/28/2015,9.079788732
1/29/2015,8.986366197
1/30/2015,8.964
1/31/2015,8.951478873
2/1/2015,8.954267606
2/2/2015,8.955690141
2/3/2015,8.96684507
2/4/2015,8.978
2/5/2015,8.969633803
2/6/2015,8.972422535
2/7/2015,9.596309859
2/8/2015,10.23264789
2/9/2015,10.40805634
2/10/2015,10.44249296
2/11/2015,10.54185915
2/12/2015,10.43701408
2/13/2015,10.13604225
2/14/2015,9.848112676
2/15/2015,9.567830986
2/16/2015,9.30256338
2/17/2015,9.237253521
2/18/2015,9.248380282
2/19/2015,9.305309859
2/20/2015,9.306690141
2/21/2015,9.316352113
2/22/2015,9.282915493
2/23/2015,9.285788732
2/24/2015,9.266535211
2/25/2015,9.275
2/26/2015,9.292943662
2/27/2015,9.266633803
2/28/2015,9.170380282
3/1/2015,9.104887324
3/2/2015,9.115985915
3/3/2015,9.061647887
3/4/2015,9.015507042
3/5/2015,9.015605634
3/6/2015,9.004492958
3/7/2015,9.003098592
3/8/2015,9.007267606
3/9/2015,8.964028169
3/10/2015,8.998915493
3/11/2015,8.955619718
3/12/2015,9.049098592
3/13/2015,9.149464789
3/14/2015,9.208056338
3/15/2015,9.166239437
3/16/2015,9.093732394
3/17/2015,9.086760563
3/18/2015,9.097816901
3/19/2015,9.08815493
3/20/2015,9.099295775
3/21/2015,9.15356338
3/22/2015,9.592676056
3/23/2015,9.657887324
3/24/2015,9.695507042
3/25/2015,9.735788732
3/26/2015,9.932450704
3/27/2015,10.40767606
3/28/2015,10.76473239
3/29/2015,10.82804225
3/30/2015,10.30432394
3/31/2015,10.48380282
4/1/2015,10.19932394
4/2/2015,10.15250704
4/3/2015,9.803704225
4/4/2015,9.651070423
4/5/2015,9.488746479
4/6/2015,9.39428169
4/7/2015,9.425985915
4/8/2015,9.419112676
4/9/2015,9.537267606
4/10/2015,9.601394366
4/11/2015,9.551380282
4/12/2015,9.490084507
4/13/2015,9.40656338
4/14/2015,9.335788732
4/15/2015,9.371887324
4/16/2015,9.30515493
4/17/2015,9.298028169
4/18/2015,9.342577465
4/19/2015,9.217450704
4/20/2015,9.117338028
4/21/2015,9.185746479
4/22/2015,9.181464789
4/23/2015,9.185647887
4/24/2015,9.11184507
4/25/2015,9.126873239
4/26/2015,9.221690141
4/27/2015,9.33015493
4/28/2015,9.445521127
4/29/2015,9.476183099
4/30/2015,9.709309859
5/1/2015,9.796816901
5/2/2015,9.804887324
5/3/2015,9.624605634
5/4/2015,9.400746479
5/5/2015,9.25871831
5/6/2015,9.143633803
5/7/2015,9.261957746
5/8/2015,9.330126761
5/9/2015,9.366140845
5/10/2015,9.386887324
5/11/2015,9.604014085
5/12/2015,9.671830986
5/13/2015,9.506140845
5/14/2015,9.57271831
5/15/2015,9.476985915
5/16/2015,9.500901408
5/17/2015,9.512042254
5/18/2015,9.28143662
5/19/2015,9.282915493
5/20/2015,9.394140845
5/21/2015,9.388647887
5/22/2015,9.362169014
5/23/2015,9.424732394
5/24/2015,9.657929577
5/25/2015,9.857704225
5/26/2015,10.05401408
5/27/2015,10.40908451
5/28/2015,10.35184507
5/29/2015,10.36001408
5/30/2015,10.84042254
5/31/2015,10.75739437
6/1/2015,10.31788732
6/2/2015,10.09174648
6/3/2015,9.909197183
6/4/2015,9.812070423
6/5/2015,9.832816901
6/6/2015,10.01423944
6/7/2015,10.0624507
6/8/2015,10.16347887
6/9/2015,10.33046479
6/10/2015,10.32061972
6/11/2015,10.63112676
6/12/2015,10.37632394
6/13/2015,9.536704225
6/14/2015,9.425140845
6/15/2015,9.655971831
6/16/2015,9.99
6/17/2015,10.41202817
6/18/2015,10.23098592
6/19/2015,10.19770423
6/20/2015,10.30816901
6/21/2015,10.28759155
6/22/2015,10.43232394
6/23/2015,10.57446479
6/24/2015,10.70964789
6/25/2015,10.75815493
6/26/2015,11.1021831
6/27/2015,11.01669014
6/28/2015,10.44921127
6/29/2015,10.41432394
6/30/2015,10.93916901
7/1/2015,11.01461972
7/2/2015,11.10529577
7/3/2015,10.69576056
7/4/2015,10.38288732
7/5/2015,9.946183099
7/6/2015,9.87984507
7/7/2015,10.11370423
7/8/2015,10.49598592
7/9/2015,10.7655493
7/10/2015,10.70785915
7/11/2015,10.38992958
7/12/2015,9.845380282
7/13/2015,10.07187324
7/14/2015,10.32353521
7/15/2015,10.61608451
7/16/2015,10.91866197
7/17/2015,10.4435493
7/18/2015,10.18005634
7/19/2015,10.11630986
7/20/2015,10.34550704
7/21/2015,10.49923944
7/22/2015,10.95692958
7/23/2015,11.09840541
