Transect,Segment,Year,Area,Use_for_regression,Latitude,Longitude,Reflectance,Initial_reflectance,Reflectance_change,Initial_depth,All_vegetation_cover,Seagrass_cover,Green_algae_cover,Kelp_cover,Red/brown_algae_cover
1,a,Before,cb,No,48.16155940920,-123.72566673300,,,,2.746259091,50,35.22580645,5.677419355,10.77419355,4.64516129
1,a,2012,cb,No,48.16155940920,-123.72566673300,,,,2.746259091,79.56097561,58.04878049,3.512195122,15.26829268,2.146341463
1,a,2013,cb,No,48.16155940920,-123.72566673300,,,,2.746259091,85.3,65.9,6.266666667,11.46666667,12.2
1,a,2014,cb,No,48.16155940920,-123.72566673300,,,,2.746259091,90.85714286,75.71428571,3.238095238,7.571428571,31.38095238
1,b,Before,cb,No,48.16332146450,-123.72513453400,,,,6.899732252,72.64516129,8.451612903,5.161290323,44.51612903,16.51612903
1,b,2012,cb,No,48.16332146450,-123.72513453400,,,,6.899732252,66.68292683,8.975609756,1.365853659,49.17073171,11.75609756
1,b,2013,cb,No,48.16332146450,-123.72513453400,,,,6.899732252,71.7254902,14.11764706,5.647058824,45.21568627,15.41176471
1,b,2014,cb,No,48.16332146450,-123.72513453400,,,,6.899732252,65.25581395,13.62790698,2.976744186,42.37209302,10.09302326
1,c,Before,cb,No,48.16508351540,-123.72460230000,,,,10.18968922,30.91428571,0.457142857,1.142857143,8.685714286,22.11428571
1,c,2012,cb,No,48.16508351540,-123.72460230000,,,,10.18968922,38.63157895,1.947368421,1.263157895,7.789473684,29.68421053
1,c,2013,cb,No,48.16508351540,-123.72460230000,,,,10.18968922,41.35714286,0.857142857,1.142857143,18.14285714,22.35714286
1,c,2014,cb,No,48.16508351540,-123.72460230000,,,,10.18968922,43.24,1.28,7.84,3.2,26.12
1,d,Before,cb,No,48.16684556180,-123.72407003000,,,,14.27864726,36.71794872,0,0.41025641,15.84615385,23.12820513
1,d,2012,cb,No,48.16684556180,-123.72407003000,,,,14.27864726,44.25,0,0,14.5,30.1
1,d,2013,cb,No,48.16684556180,-123.72407003000,,,,14.27864726,29.76190476,0,0.095238095,23.85714286,7.547619048
1,d,2014,cb,No,48.16684556180,-123.72407003000,,,,14.27864726,19.80392157,0,3.607843137,9.254901961,12.03921569
1,e,Before,cb,No,48.16880067280,-123.72348275800,,,,10.15761823,69.84615385,0,0,69.69230769,3
1,e,2012,cb,No,48.16880067280,-123.72348275800,,,,10.15761823,73.83606557,0,0,67.54098361,10.2295082
1,e,2013,cb,No,48.16880067280,-123.72348275800,,,,10.15761823,69.22580645,0,0,58.19354839,14.16129032
1,e,2014,cb,No,48.16880067280,-123.72348275800,,,,10.15761823,51.56666667,0,0,41.16666667,13.93333333
2,a,Before,cb,No,48.16135758550,-123.72504489700,,,,2.815595243,38.17142857,31.94285714,2.971428571,4.057142857,2.114285714
2,a,2012,cb,No,48.16135758550,-123.72504489700,,,,2.815595243,66.47619048,59.9047619,5.142857143,0.761904762,3.619047619
2,a,2013,cb,No,48.16135758550,-123.72504489700,,,,2.815595243,76.06153846,68.8,7.384615385,3.846153846,8.892307692
2,a,2014,cb,No,48.16135758550,-123.72504489700,,,,2.815595243,89.82608696,74.86956522,4.869565217,2.304347826,1.739130435
2,b,Before,cb,No,48.16307657440,-123.72472767800,,,,7.074673213,69.39393939,5.151515152,2.909090909,49.81818182,15.6969697
2,b,2012,cb,No,48.16307657440,-123.72472767800,,,,7.074673213,73.42222222,4.088888889,2.844444444,60.44444444,15.42222222
2,b,2013,cb,No,48.16307657440,-123.72472767800,,,,7.074673213,86.30769231,7.653846154,0.461538462,70.76923077,13.19230769
2,b,2014,cb,No,48.16307657440,-123.72472767800,,,,7.074673213,73.73333333,9.422222222,0.888888889,56.26666667,9.377777778
2,c,Before,cb,No,48.16483514930,-123.72428350500,,,,9.978350847,31.03030303,0.96969697,1.212121212,15.09090909,15.57575758
2,c,2012,cb,No,48.16483514930,-123.72428350500,,,,9.978350847,41.83783784,0.432432432,1.945945946,14.59459459,27.2972973
2,c,2013,cb,No,48.16483514930,-123.72428350500,,,,9.978350847,42.25925926,1.777777778,0.888888889,18.77777778,25.22222222
2,c,2014,cb,No,48.16483514930,-123.72428350500,,,,9.978350847,37.45454545,1.318181818,8,4.363636364,16.90909091
2,d,Before,cb,No,48.16645165990,-123.72308869700,,,,13.84464738,35.2,0,0,13.42222222,21.95555556
2,d,2012,cb,No,48.16645165990,-123.72308869700,,,,13.84464738,48.92307692,0,0,8.615384615,38.92307692
2,d,2013,cb,No,48.16645165990,-123.72308869700,,,,13.84464738,32.65454545,0,0,15.81818182,19.05454545
2,d,2014,cb,No,48.16645165990,-123.72308869700,,,,13.84464738,24.15,0,6,8.9,15.55
2,e,Before,cb,No,48.16821252010,-123.72176950100,,,,11.72827884,55.05882353,0,0,54.03921569,2.745098039
2,e,2012,cb,No,48.16821252010,-123.72176950100,,,,11.72827884,58.54545455,0,0,54.83636364,7.490909091
2,e,2013,cb,No,48.16821252010,-123.72176950100,,,,11.72827884,53.4939759,0,0,49.71084337,3.855421687
2,e,2014,cb,No,48.16821252010,-123.72176950100,,,,11.72827884,34.14634146,0,0,28.58536585,9.512195122
3,a,Before,cb,No,48.16051810880,-123.72263560900,,,,3.403568984,33.57575758,26.54545455,5.090909091,3.212121212,4.121212121
3,a,2012,cb,No,48.16051810880,-123.72263560900,,,,3.403568984,52.27027027,37.2972973,5.189189189,5.567567568,6.324324324
3,a,2013,cb,No,48.16051810880,-123.72263560900,,,,3.403568984,54,42.43636364,5.527272727,1.745454545,10.50909091
3,a,2014,cb,No,48.16051810880,-123.72263560900,,,,3.403568984,78.14285714,62.23809524,6.095238095,0.571428571,10.52380952
3,b,Before,cb,No,48.16224414980,-123.72229158500,,,,7.260580685,48.45714286,22.17142857,6.857142857,17.82857143,8.971428571
3,b,2012,cb,No,48.16224414980,-123.72229158500,,,,7.260580685,63.07317073,49.75609756,5.658536585,5.902439024,12.04878049
3,b,2013,cb,No,48.16224414980,-123.72229158500,,,,7.260580685,43.35714286,26.96428571,7.571428571,5.607142857,14.71428571
3,b,2014,cb,No,48.16224414980,-123.72229158500,,,,7.260580685,59.54545455,41.81818182,7.454545455,3.090909091,9.636363636
3,c,Before,cb,No,48.16402615890,-123.72193762000,,,,9.988611708,40.96969697,0,1.696969697,26.60606061,16.24242424
3,c,2012,cb,No,48.16402615890,-123.72193762000,,,,9.988611708,32.10810811,0,8,11.02702703,19.2972973
3,c,2013,cb,No,48.16402615890,-123.72193762000,,,,9.988611708,36.32727273,0.290909091,6.836363636,14.14545455,21.16363636
3,c,2014,cb,No,48.16402615890,-123.72193762000,,,,9.988611708,34.59574468,0,8,5.276595745,16.04255319
3,d,Before,cb,No,48.16580816490,-123.72158363200,,,,14.50036509,38.82352941,0,7.529411765,12.94117647,24.88235294
3,d,2012,cb,No,48.16580816490,-123.72158363200,,,,14.50036509,42.05555556,0,2.222222222,7.833333333,33.22222222
3,d,2013,cb,No,48.16580816490,-123.72158363200,,,,14.50036509,35.16981132,0,0.754716981,16.26415094,18.41509434
3,d,2014,cb,No,48.16580816490,-123.72158363200,,,,14.50036509,22.40816327,0,7.836734694,7.591836735,8.653061224
3,e,Before,cb,No,48.16792732130,-123.72116275800,,,,14.03820815,40.0625,0,0.875,36.8125,9.125
3,e,2012,cb,No,48.16792732130,-123.72116275800,,,,14.03820815,42.46753247,0,0,39.74025974,7.688311688
3,e,2013,cb,No,48.16792732130,-123.72116275800,,,,14.03820815,39.53488372,0,0,38.46511628,2.88372093
3,e,2014,cb,No,48.16792732130,-123.72116275800,,,,14.03820815,22.62857143,0,0.685714286,21.57142857,3.8
4,a,Before,cb,No,48.16085758520,-123.71879718100,,,,5.43696899,0.41025641,0.205128205,0.41025641,0,0
4,a,2012,cb,No,48.16085758520,-123.71879718100,,,,5.43696899,5.2,1.111111111,4.266666667,0,0.355555556
4,a,2013,cb,No,48.16085758520,-123.71879718100,,,,5.43696899,4.925925926,4.185185185,1.037037037,0.148148148,0.444444444
4,a,2014,cb,No,48.16085758520,-123.71879718100,,,,5.43696899,20.23809524,2.761904762,7.238095238,0.380952381,3.428571429
4,b,Before,cb,No,48.16262412200,-123.71867422500,,,,7.88174485,1.315789474,0.631578947,0.210526316,0,0.210526316
4,b,2012,cb,No,48.16262412200,-123.71867422500,,,,7.88174485,6.6,0,5.4,0.6,2.8
4,b,2013,cb,No,48.16262412200,-123.71867422500,,,,7.88174485,5.789473684,0.877192982,3.368421053,1.684210526,3.087719298
4,b,2014,cb,No,48.16262412200,-123.71867422500,,,,7.88174485,16.39130435,0.347826087,8,0.347826087,3.826086957
4,c,Before,cb,No,48.16455179760,-123.71830320500,,,,10.40065526,13.94594595,0,6.702702703,3.027027027,8.648648649
4,c,2012,cb,No,48.16455179760,-123.71830320500,,,,10.40065526,15.33333333,0,7.047619048,4.952380952,7.80952381
4,c,2013,cb,No,48.16455179760,-123.71830320500,,,,10.40065526,23.15789474,0,6.175438596,3.964912281,16
4,c,2014,cb,No,48.16455179760,-123.71830320500,,,,10.40065526,23.28888889,0.177777778,8,0.711111111,12.04444444
4,d,Before,cb,No,48.16679108990,-123.71807146400,,,,15.32798749,30.4,0,5.818181818,4.509090909,26.58181818
4,d,2012,cb,No,48.16679108990,-123.71807146400,,,,15.32798749,28.0952381,0,1.396825397,10.38095238,18.03174603
4,d,2013,cb,No,48.16679108990,-123.71807146400,,,,15.32798749,41.44303797,0,4.151898734,15.69620253,24.86075949
4,d,2014,cb,No,48.16679108990,-123.71807146400,,,,15.32798749,17.3030303,0,5.818181818,6.090909091,8.363636364
5,a,Before,cb,No,48.16096643500,-123.71762670700,,,,5.287329818,0,0,0,0,0
5,a,2012,cb,No,48.16096643500,-123.71762670700,,,,5.287329818,3.818181818,0,3.818181818,0.181818182,0.181818182
5,a,2013,cb,No,48.16096643500,-123.71762670700,,,,5.287329818,0.827586207,0.137931034,0.551724138,0.137931034,0.275862069
5,a,2014,cb,No,48.16096643500,-123.71762670700,,,,5.287329818,17.0952381,0.380952381,7.047619048,0,0.952380952
5,b,Before,cb,No,48.16276112980,-123.71747215500,,,,7.611230014,0.864864865,0,0.648648649,0,0.432432432
5,b,2012,cb,No,48.16276112980,-123.71747215500,,,,7.611230014,8.051282051,0,5.743589744,1.641025641,3.333333333
5,b,2013,cb,No,48.16276112980,-123.71747215500,,,,7.611230014,2.62295082,0.262295082,0.786885246,0.131147541,2.098360656
5,b,2014,cb,No,48.16276112980,-123.71747215500,,,,7.611230014,12.76923077,0.615384615,8,0,4.102564103
5,c,Before,cb,No,48.16455582230,-123.71731759200,,,,9.743428352,15,0.2,6.6,8.05,7.6
5,c,2012,cb,No,48.16455582230,-123.71731759200,,,,9.743428352,16.97435897,0.820512821,5.948717949,4.512820513,10.76923077
5,c,2013,cb,No,48.16455582230,-123.71731759200,,,,9.743428352,22.32258065,0,1.677419355,8.548387097,15.96774194
5,c,2014,cb,No,48.16455582230,-123.71731759200,,,,9.743428352,22.36842105,0.210526316,8,2.368421053,9.052631579
5,d,Before,cb,No,48.16640574360,-123.71716292100,,,,15.06511243,34.73684211,0,6.315789474,16.36842105,17.73684211
5,d,2012,cb,No,48.16640574360,-123.71716292100,,,,15.06511243,16.89361702,0,1.531914894,7.70212766,10.42553191
5,d,2013,cb,No,48.16640574360,-123.71716292100,,,,15.06511243,21.01492537,0,2.985074627,9.432835821,11.01492537
5,d,2014,cb,No,48.16640574360,-123.71716292100,,,,15.06511243,19.09090909,0,7.636363636,4.954545455,6.909090909
6,a,Before,cb,No,48.16251282500,-123.71239046400,,,,4.135873502,5.904761905,5.142857143,0.571428571,0.380952381,1.333333333
6,a,2012,cb,No,48.16251282500,-123.71239046400,,,,4.135873502,7.173913043,4.913043478,2.782608696,0.695652174,0.52173913
6,a,2013,cb,No,48.16251282500,-123.71239046400,,,,4.135873502,3.836065574,3.836065574,0.524590164,0,0.393442623
6,a,2014,cb,No,48.16251282500,-123.71239046400,,,,4.135873502,11.17391304,4.52173913,5.565217391,0.173913043,1.739130435
6,b,Before,cb,No,48.16414220230,-123.71349862500,,,,7.458845638,7.609756098,2.341463415,2.341463415,1.56097561,4.292682927
6,b,2012,cb,No,48.16414220230,-123.71349862500,,,,7.458845638,11.77777778,3.911111111,4.622222222,3.777777778,4.8
6,b,2013,cb,No,48.16414220230,-123.71349862500,,,,7.458845638,7.254901961,4.235294118,1.254901961,1.254901961,2.039215686
6,b,2014,cb,No,48.16414220230,-123.71349862500,,,,7.458845638,11.95121951,1.609756098,7.414634146,0.975609756,4.487804878
6,c,Before,cb,No,48.16576953750,-123.71432651000,,,,12.14845723,15.39130435,0,5.391304348,4.347826087,10.30434783
6,c,2012,cb,No,48.16576953750,-123.71432651000,,,,12.14845723,27.17073171,0,1.756097561,13.02439024,15.90243902
6,c,2013,cb,No,48.16576953750,-123.71432651000,,,,12.14845723,30.06896552,0,1.931034483,11.86206897,15.86206897
6,c,2014,cb,No,48.16576953750,-123.71432651000,,,,12.14845723,19.25,0,7.8,6.5,7.2
7,a,Before,cb,No,48.16341782820,-123.71095275800,,,,4.48695446,6.8,5.8,0.6,0,1.2
7,a,2012,cb,No,48.16341782820,-123.71095275800,,,,4.48695446,3.955555556,2.177777778,1.6,0.888888889,0.888888889
7,a,2013,cb,No,48.16341782820,-123.71095275800,,,,4.48695446,0.903225806,0.516129032,0.258064516,0.129032258,0.516129032
7,a,2014,cb,No,48.16341782820,-123.71095275800,,,,4.48695446,13.57142857,4.761904762,6.095238095,0,1.904761905
7,b,Before,cb,No,48.16496206670,-123.71237011500,,,,8.088008655,8.23255814,0.186046512,3.906976744,1.11627907,5.023255814
7,b,2012,cb,No,48.16496206670,-123.71237011500,,,,8.088008655,8.391304348,0,3.47826087,3.130434783,5.565217391
7,b,2013,cb,No,48.16496206670,-123.71237011500,,,,8.088008655,7.56,0.8,3.2,2.08,5.28
7,b,2014,cb,No,48.16496206670,-123.71237011500,,,,8.088008655,12.13333333,0,7.288888889,0.888888889,5.866666667
7,c,Before,cb,No,48.16655951650,-123.71383297000,,,,12.92425152,30.57142857,0,1.257142857,23.6,9.142857143
7,c,2012,cb,No,48.16655951650,-123.71383297000,,,,12.92425152,46.16,0,0.96,42.74666667,6.826666667
7,c,2013,cb,No,48.16655951650,-123.71383297000,,,,12.92425152,33.75862069,0,2.482758621,26.06896552,10.68965517
7,c,2014,cb,No,48.16655951650,-123.71383297000,,,,12.92425152,33.83673469,0,7.673469388,20.69387755,7.020408163
8,a,Before,cb,No,48.16465726050,-123.70925085000,,,,5.639253217,0.888888889,0,0,0.355555556,0.533333333
8,a,2012,cb,No,48.16465726050,-123.70925085000,,,,5.639253217,6.928571429,0,4.142857143,2.464285714,2.321428571
8,a,2013,cb,No,48.16465726050,-123.70925085000,,,,5.639253217,3.818181818,0,1.454545455,1.454545455,1.727272727
8,a,2014,cb,No,48.16465726050,-123.70925085000,,,,5.639253217,9.574468085,0,6.638297872,0,1.361702128
8,b,Before,cb,No,48.16596555250,-123.71130629700,,,,10.15137998,26.06557377,0.131147541,1.573770492,8.655737705,16.95081967
8,b,2012,cb,No,48.16596555250,-123.71130629700,,,,10.15137998,29.2,0,4.64,9.12,20.24
8,b,2013,cb,No,48.16596555250,-123.71130629700,,,,10.15137998,18.54166667,0.166666667,2.333333333,9.125,10.95833333
8,b,2014,cb,No,48.16596555250,-123.71130629700,,,,10.15137998,25.07317073,0,6.829268293,8.926829268,7.853658537
8,c,Before,cb,No,48.16778445010,-123.71306136800,,,,7.739025701,92,0,0,91.52238806,0.71641791
8,c,2012,cb,No,48.16778445010,-123.71306136800,,,,7.739025701,80.98850575,0,0,74.25287356,10.48275862
8,c,2013,cb,No,48.16778445010,-123.71306136800,,,,7.739025701,90.07692308,0,0,82.26923077,9.461538462
8,c,2014,cb,No,48.16778445010,-123.71306136800,,,,7.739025701,82.6,0,0.32,77.28,10.8
9,a,Before,cb,No,48.16262515760,-123.71271726900,,,,4.849037337,5.058823529,3.411764706,1.176470588,0,1.411764706
9,a,2012,cb,No,48.16262515760,-123.71271726900,,,,4.849037337,5.166666667,1.611111111,2.666666667,1.777777778,0.222222222
9,a,2013,cb,No,48.16262515760,-123.71271726900,,,,4.849037337,5.724137931,5.448275862,1.103448276,0.137931034,0.689655172
9,a,2014,cb,No,48.16262515760,-123.71271726900,,,,4.849037337,11.57575758,3.818181818,6.787878788,0,0.727272727
9,b,Before,cb,No,48.16440863970,-123.71257017200,,,,7.660694143,16.1875,0,6,1.25,5.75
9,b,2012,cb,No,48.16440863970,-123.71257017200,,,,7.660694143,7.609756098,0,5.658536585,0.975609756,5.658536585
9,b,2013,cb,No,48.16440863970,-123.71257017200,,,,7.660694143,7.672727273,0.145454545,2.036363636,2.4,4.545454545
9,b,2014,cb,No,48.16440863970,-123.71257017200,,,,7.660694143,13.42857143,0.19047619,8,0.380952381,5.523809524
9,c,Before,cb,No,48.16624645810,-123.71253814900,,,,9.265201524,54.52941176,0,2.588235294,46.11764706,10.82352941
9,c,2012,cb,No,48.16624645810,-123.71253814900,,,,9.265201524,53.02325581,0.186046512,1.860465116,35.25581395,20.09302326
9,c,2013,cb,No,48.16624645810,-123.71253814900,,,,9.265201524,51.17647059,0,0.31372549,39.29411765,14.2745098
9,c,2014,cb,No,48.16624645810,-123.71253814900,,,,9.265201524,40.36363636,0.181818182,5.454545455,20.27272727,14.27272727
9,d,Before,cb,No,48.16818392720,-123.71247547700,,,,9.702149783,76.66666667,0,0,73.92592593,6.518518519
9,d,2012,cb,No,48.16818392720,-123.71247547700,,,,9.702149783,76.28125,0,0,69.1875,6.40625
9,d,2013,cb,No,48.16818392720,-123.71247547700,,,,9.702149783,67.25423729,0,0,66.81355932,0.406779661
9,d,2014,cb,No,48.16818392720,-123.71247547700,,,,9.702149783,65.85,0,0.8,60.35,8.5
10,a,Before,cb,No,48.16613057910,-123.70849774600,,,,6.637486852,13.92156863,0,0.156862745,12.94117647,2.078431373
10,a,2012,cb,No,48.16613057910,-123.70849774600,,,,6.637486852,12.58333333,0.166666667,2.166666667,10.04166667,0.833333333
10,a,2013,cb,No,48.16613057910,-123.70849774600,,,,6.637486852,3.559322034,0,0,3.559322034,0.13559322
10,a,2014,cb,No,48.16613057910,-123.70849774600,,,,6.637486852,10.04081633,0.489795918,5.551020408,3.673469388,1.632653061
10,b,Before,cb,No,48.16735218870,-123.71037866200,,,,7.739625658,78.85714286,0,0,78,0.489795918
10,b,2012,cb,No,48.16735218870,-123.71037866200,,,,7.739625658,74.42307692,0,1.384615385,66.76923077,8.538461538
10,b,2013,cb,No,48.16735218870,-123.71037866200,,,,7.739625658,83.27272727,0,0,81.13636364,2.545454545
10,b,2014,cb,No,48.16735218870,-123.71037866200,,,,7.739625658,74.48648649,0,1.297297297,63.56756757,8.216216216
10,c,Before,cb,No,48.16902254990,-123.71075561100,,,,12.85086176,49.63157895,0,0,49.42105263,0.631578947
10,c,2012,cb,No,48.16902254990,-123.71075561100,,,,12.85086176,54.12121212,0,0,38.48484848,22.54545455
10,c,2013,cb,No,48.16902254990,-123.71075561100,,,,12.85086176,42.91304348,0,0,42.69565217,0.173913043
10,c,2014,cb,No,48.16902254990,-123.71075561100,,,,12.85086176,26.66666667,0,1.025641026,16.82051282,10.92307692
11,a,Before,fb,No,48.14547047210,-123.63670327600,,,,1.601209167,42.57142857,17.28571429,6,0,4.857142857
11,a,2012,fb,No,48.14547047210,-123.63670327600,,,,1.601209167,72.77272727,56.72727273,7.636363636,0.181818182,26.31818182
11,a,2013,fb,No,48.14547047210,-123.63670327600,,,,1.601209167,72.47619048,53.52380952,4.761904762,0.19047619,39.28571429
11,a,2014,fb,No,48.14547047210,-123.63670327600,,,,1.601209167,87.875,51.625,8,0,13.125
11,b,Before,fb,No,48.14662052780,-123.63529349700,,,,5.052577418,56.53333333,24.2,8,0.8,7.733333333
11,b,2012,fb,No,48.14662052780,-123.63529349700,,,,5.052577418,51.25581395,33.20930233,8,1.348837209,8.046511628
11,b,2013,fb,No,48.14662052780,-123.63529349700,,,,5.052577418,35.84313725,24.78431373,4.705882353,0.470588235,6.470588235
11,b,2014,fb,No,48.14662052780,-123.63529349700,,,,5.052577418,54.35294118,42.05882353,6.352941176,0.235294118,11.05882353
11,c,Before,fb,Yes,48.14780468550,-123.63379015500,0.0128663,0.0128663,0,11.13563383,56.82758621,0,8,33.79310345,11.86206897
11,c,2012,fb,Yes,48.14780468550,-123.63379015500,0.0161734,0.0128663,0.0033071,11.13563383,23.35,0,7.8,11.05,5.2
11,c,2013,fb,Yes,48.14780468550,-123.63379015500,0.0200432,0.0128663,0.0071769,11.13563383,7.423076923,0,4.615384615,1.538461538,1.692307692
11,c,2014,fb,Yes,48.14780468550,-123.63379015500,0.019142,0.0128663,0.0062757,11.13563383,8.457142857,0,4.114285714,4.342857143,6.171428571
11,d,Before,fb,Yes,48.14881188890,-123.63253975900,0.0128663,0.0128663,0,16.07494774,73.46153846,0,6.769230769,24.61538462,46.38461538
11,d,2012,fb,Yes,48.14881188890,-123.63253975900,0.0161734,0.0128663,0.0033071,16.07494774,12.06666667,0,6.133333333,7.533333333,4.266666667
11,d,2013,fb,Yes,48.14881188890,-123.63253975900,0.0200432,0.0128663,0.0071769,16.07494774,1.555555556,0,0.222222222,0.888888889,0.666666667
11,d,2014,fb,Yes,48.14881188890,-123.63253975900,0.019142,0.0128663,0.0062757,16.07494774,4,0,2.4,1.333333333,3.466666667
12,a,Before,fb,Yes,48.14451611500,-123.62188014800,0.013423575,0.013423575,0,14.84770866,60.44444444,0,3.555555556,43.6,36.13333333
12,a,2012,fb,Yes,48.14451611500,-123.62188014800,0.0174724,0.013423575,0.004048825,14.84770866,37.8,0,0.48,36.8,5.28
12,a,2013,fb,Yes,48.14451611500,-123.62188014800,0.0150073,0.013423575,0.001583725,14.84770866,11.89473684,0,0,11.75438596,0.280701754
12,a,2014,fb,Yes,48.14451611500,-123.62188014800,0.014653,0.013423575,0.001229425,14.84770866,1.955555556,0,0,0,1.955555556
12,b,Before,fb,Yes,48.14616694410,-123.62166459500,0.01248385,0.01248385,0,16.94012337,49.58974359,0,2.256410256,39.79487179,26.20512821
12,b,2012,fb,Yes,48.14616694410,-123.62166459500,0.0152388,0.01248385,0.00275495,16.94012337,30.15384615,0,0.153846154,27.30769231,5.846153846
12,b,2013,fb,Yes,48.14616694410,-123.62166459500,0.0200415,0.01248385,0.00755765,16.94012337,0.461538462,0,0,0.461538462,0
12,b,2014,fb,Yes,48.14616694410,-123.62166459500,0.014723,0.01248385,0.00223915,16.94012337,4.909090909,0,0,0.545454545,4.909090909
13,a,Before,fb,Yes,48.14317488170,-123.61767298800,0.0131679,0.0131679,0,13.7720709,74.63157895,0,0,70.89473684,13.26315789
13,a,2012,fb,Yes,48.14317488170,-123.61767298800,0.0180342,0.0131679,0.0048663,13.7720709,38.5106383,0,0.680851064,33.44680851,8.680851064
13,a,2013,fb,Yes,48.14317488170,-123.61767298800,0.0178488,0.0131679,0.0046809,13.7720709,15.70491803,0,0,15.57377049,0.655737705
13,a,2014,fb,Yes,48.14317488170,-123.61767298800,0.0179995,0.0131679,0.0048316,13.7720709,13.44186047,0,0.558139535,9.813953488,6.697674419
13,b,Before,fb,Yes,48.14445012680,-123.61765707100,0.01112435,0.01112435,0,16.22633165,64.47058824,0,1.411764706,46.94117647,20.23529412
13,b,2012,fb,Yes,48.14445012680,-123.61765707100,0.0153074,0.01112435,0.00418305,16.22633165,24.31578947,0,0,22.10526316,6.736842105
13,b,2013,fb,Yes,48.14445012680,-123.61765707100,0.014766,0.01112435,0.00364165,16.22633165,0.571428571,0,0,0,0.571428571
13,b,2014,fb,Yes,48.14445012680,-123.61765707100,0.016685,0.01112435,0.00556065,16.22633165,5.052631579,0,0,2.105263158,5.052631579
14,a,Before,fb,No,48.13797175960,-123.58459455900,,,,5.424908084,29,0.2,1.2,27.8,1.2
14,a,2012,fb,No,48.13797175960,-123.58459455900,,,,5.424908084,12.04347826,0.52173913,0,11.69565217,0.695652174
14,a,2013,fb,No,48.13797175960,-123.58459455900,,,,5.424908084,13.14285714,2.142857143,0.285714286,10.71428571,1.142857143
14,a,2014,fb,No,48.13797175960,-123.58459455900,,,,5.424908084,13.375,0.5,0.666666667,10.125,4
14,b,Before,fb,Yes,48.13968643920,-123.58540144100,0.0164932,0.0164932,0,10.26468366,50.87804878,0.195121951,1.56097561,39.80487805,17.07317073
14,b,2012,fb,Yes,48.13968643920,-123.58540144100,0.0190602,0.0164932,0.002567,10.26468366,6.8,0,0,5.022222222,2.666666667
14,b,2013,fb,Yes,48.13968643920,-123.58540144100,0.0387561,0.0164932,0.0222629,10.26468366,1.890909091,0.581818182,0,0.727272727,1.163636364
14,b,2014,fb,Yes,48.13968643920,-123.58540144100,0.0289125,0.0164932,0.0124193,10.26468366,14.92,0.16,1.76,6.08,10.88
14,c,Before,fb,Yes,48.14140540610,-123.58620354100,0.01254495,0.01254495,0,12.91183558,46.33333333,0,0.166666667,30.33333333,25.16666667
14,c,2012,fb,Yes,48.14140540610,-123.58620354100,0.0162926,0.01254495,0.00374765,12.91183558,7.720930233,0,0,6.23255814,3.534883721
14,c,2013,fb,Yes,48.14140540610,-123.58620354100,0.039864,0.01254495,0.02731905,12.91183558,2.074074074,0,0,1.481481481,1.037037037
14,c,2014,fb,Yes,48.14140540610,-123.58620354100,0.0259685,0.01254495,0.01342355,12.91183558,7.361702128,0,0.680851064,3.957446809,6.468085106
14,d,Before,fb,Yes,48.14308611830,-123.58699872100,0.0105525,0.0105525,0,14.40148853,52.40740741,0,1.185185185,27.81481481,28.55555556
14,d,2012,fb,Yes,48.14308611830,-123.58699872100,0.0112948,0.0105525,0.0007423,14.40148853,19.56521739,0,0.173913043,16.7826087,4.869565217
14,d,2013,fb,Yes,48.14308611830,-123.58699872100,0.0370682,0.0105525,0.0265157,14.40148853,4,0,0,3.849056604,0.150943396
14,d,2014,fb,Yes,48.14308611830,-123.58699872100,0.020142,0.0105525,0.0095895,14.40148853,4.487804878,0,0,0.975609756,4.487804878
14,e,Before,fb,Yes,48.14467328030,-123.58774704500,0.0105525,0.0105525,0,15.79804996,50.07142857,0,0.285714286,29.89285714,31.92857143
14,e,2012,fb,Yes,48.14467328030,-123.58774704500,0.0112948,0.0105525,0.0007423,15.79804996,16.75,0,0.2,15.35,6.2
14,e,2013,fb,Yes,48.14467328030,-123.58774704500,0.0370682,0.0105525,0.0265157,15.79804996,1.076923077,0,0,1.076923077,0
14,e,2014,fb,Yes,48.14467328030,-123.58774704500,0.020142,0.0105525,0.0095895,15.79804996,1.052631579,0,0,0.210526316,0.631578947
14,f,Before,fb,No,48.14590209520,-123.58831519200,,,,17.432936,53.54545455,0,0,34.09090909,23.63636364
14,f,2012,fb,No,48.14590209520,-123.58831519200,,,,17.432936,27.2,0,0,26,6
14,f,2013,fb,No,48.14590209520,-123.58831519200,,,,17.432936,4.173913043,0,0,4.173913043,0
14,f,2014,fb,No,48.14590209520,-123.58831519200,,,,17.432936,1.391304348,0,0,0,1.391304348
15,a,Before,fb,No,48.15014044510,-123.56526468500,,,,6.125052762,76.91891892,0.648648649,0.216216216,69.56756757,14.05405405
15,a,2012,fb,No,48.15014044510,-123.56526468500,,,,6.125052762,0.695652174,0,0,0.52173913,0.173913043
15,a,2013,fb,No,48.15014044510,-123.56526468500,,,,6.125052762,0,0,0,0,0
15,a,2014,fb,No,48.15014044510,-123.56526468500,,,,6.125052762,0,0,0,0,0
15,b,Before,fb,No,48.15168518190,-123.56643775700,,,,10.2498358,58.78431373,0,0,37.09803922,24.90196078
15,b,2012,fb,No,48.15168518190,-123.56643775700,,,,10.2498358,7.090909091,0,0,3.090909091,5.818181818
15,b,2013,fb,No,48.15168518190,-123.56643775700,,,,10.2498358,0,0,0,0,0
15,b,2014,fb,No,48.15168518190,-123.56643775700,,,,10.2498358,2.896551724,0,0,0,2.896551724
15,c,Before,fb,Yes,48.15330839280,-123.56764622800,0.01555065,0.01555065,0,14.63986682,46.52631579,0,0,20.98245614,24.87719298
15,c,2012,fb,Yes,48.15330839280,-123.56764622800,0.0553154,0.01555065,0.03976475,14.63986682,4.833333333,0,0,1.833333333,4.333333333
15,c,2013,fb,Yes,48.15330839280,-123.56764622800,0.0504187,0.01555065,0.03486805,14.63986682,0,0,0,0,0
15,c,2014,fb,Yes,48.15330839280,-123.56764622800,0.047205,0.01555065,0.03165435,14.63986682,5.508196721,0,0.131147541,0,5.37704918
16,a,Before,eb,No,48.15290715180,-123.55190926700,,,,6.451749839,66.1025641,0,0.820512821,53.74358974,20.46153846
16,a,2012,eb,No,48.15290715180,-123.55190926700,,,,6.451749839,5.787234043,0,0.170212766,4.255319149,3.063829787
16,a,2013,eb,No,48.15290715180,-123.55190926700,,,,6.451749839,4.571428571,0,0,0.142857143,4.285714286
16,a,2014,eb,No,48.15290715180,-123.55190926700,,,,6.451749839,28.08163265,0,0.489795918,16.53061224,13.67346939
16,b,Before,eb,Yes,48.15462386880,-123.55110666400,0.015663925,0.015663925,0,9.53466701,73.04347826,0,0,56.13043478,27.34782609
16,b,2012,eb,Yes,48.15462386880,-123.55110666400,0.031341,0.015663925,0.015677075,9.53466701,5.272727273,0,0,4.545454545,2.727272727
16,b,2013,eb,Yes,48.15462386880,-123.55110666400,0.0509607,0.015663925,0.035296775,9.53466701,8.166666667,0,0,0,8.166666667
16,b,2014,eb,Yes,48.15462386880,-123.55110666400,0.039343,0.015663925,0.023679075,9.53466701,50.65384615,0,0.307692308,29.42307692,32.07692308
16,c,Before,eb,Yes,48.15626919780,-123.55034437300,0.012728925,0.012728925,0,11.50122912,87.2,0,0,62.25,33.25
16,c,2012,eb,Yes,48.15626919780,-123.55034437300,0.0308792,0.012728925,0.018150275,11.50122912,8,0,0,5.4,7.6
16,c,2013,eb,Yes,48.15626919780,-123.55034437300,0.0432181,0.012728925,0.030489175,11.50122912,9.739130435,0,0,0,9.739130435
16,c,2014,eb,Yes,48.15626919780,-123.55034437300,0.03354,0.012728925,0.020811075,11.50122912,38.3,0,0,4.6,34.4
16,d,Before,eb,Yes,48.15791886250,-123.54956431800,0.01298175,0.01298175,0,12.73887548,67.85714286,0,0,37.61904762,41.33333333
16,d,2012,eb,Yes,48.15791886250,-123.54956431800,0.0374666,0.01298175,0.02448485,12.73887548,9.571428571,0,0,2.857142857,8.19047619
16,d,2013,eb,Yes,48.15791886250,-123.54956431800,0.0444586,0.01298175,0.03147685,12.73887548,7.47826087,0,0,0.52173913,7.47826087
16,d,2014,eb,Yes,48.15791886250,-123.54956431800,0.035503,0.01298175,0.02252125,12.73887548,23.72093023,0,0,5.953488372,22.74418605
16,e,Before,eb,Yes,48.15959411130,-123.54878600700,0.01118435,0.01118435,0,13.81088672,70,0,0,36.72727273,47.04545455
16,e,2012,eb,Yes,48.15959411130,-123.54878600700,0.0341846,0.01118435,0.02300025,13.81088672,17.86046512,0,0,2.604651163,16.88372093
16,e,2013,eb,Yes,48.15959411130,-123.54878600700,0.0368635,0.01118435,0.02567915,13.81088672,8.52173913,0,0,0.173913043,8.52173913
16,e,2014,eb,Yes,48.15959411130,-123.54878600700,0.028039,0.01118435,0.01685465,13.81088672,27.36842105,0,0,8,20.73684211
16,f,Before,eb,Yes,48.16163429080,-123.54783684500,0.011059575,0.011059575,0,15.37812999,64.79310345,0,0,39.03448276,35.20689655
16,f,2012,eb,Yes,48.16163429080,-123.54783684500,0.030355,0.011059575,0.019295425,15.37812999,11.03333333,0,0,5.2,10.46666667
16,f,2013,eb,Yes,48.16163429080,-123.54783684500,0.0272387,0.011059575,0.016179125,15.37812999,7.015384615,0,0,0.492307692,7.015384615
16,f,2014,eb,Yes,48.16163429080,-123.54783684500,0.02557,0.011059575,0.014510425,15.37812999,14.76315789,0,0,4.631578947,11.47368421
17,a,Before,eb,No,48.14597088440,-123.53245241600,,,,4.933671789,88.11764706,0,0,78.82352941,10.47058824
17,a,2012,eb,No,48.14597088440,-123.53245241600,,,,4.933671789,54.68421053,0,0,41.94736842,13.05263158
17,a,2013,eb,No,48.14597088440,-123.53245241600,,,,4.933671789,48.32,0,3.68,20,33.36
17,a,2014,eb,No,48.14597088440,-123.53245241600,,,,4.933671789,76.83333333,0,0.5,52.5,34.125
17,b,Before,eb,Yes,48.14744542910,-123.53098682400,0.0183099,0.0183099,0,6.983782573,65.63636364,0,0.727272727,33.81818182,43.03030303
17,b,2012,eb,Yes,48.14744542910,-123.53098682400,0.0242854,0.0183099,0.0059755,6.983782573,25.85,0,0.4,10.65,11.6
17,b,2013,eb,Yes,48.14744542910,-123.53098682400,0.0279841,0.0183099,0.0096742,6.983782573,9.020408163,0,0,8,1.183673469
17,b,2014,eb,Yes,48.14744542910,-123.53098682400,0.024622,0.0183099,0.0063121,6.983782573,65.84615385,0,1.076923077,16.76923077,53.30769231
17,c,Before,eb,Yes,48.14891922540,-123.52952942100,0.015122175,0.015122175,0,8.215186844,71.08571429,0,0.228571429,46.45714286,28.97142857
17,c,2012,eb,Yes,48.14891922540,-123.52952942100,0.0234646,0.015122175,0.008342425,8.215186844,23.0952381,0,0,15.33333333,8
17,c,2013,eb,Yes,48.14891922540,-123.52952942100,0.0310795,0.015122175,0.015957325,8.215186844,20.7037037,0,0,8.37037037,11.55555556
17,c,2014,eb,Yes,48.14891922540,-123.52952942100,0.024622,0.015122175,0.009499825,8.215186844,71.22727273,0,0.545454545,18.40909091,53.54545455
17,d,Before,eb,Yes,48.15041674350,-123.52804313400,0.016338025,0.016338025,0,9.254030194,73.05,0,0,61.1,22.2
17,d,2012,eb,Yes,48.15041674350,-123.52804313400,0.0226342,0.016338025,0.006296175,9.254030194,20.54166667,0,0.166666667,11.91666667,8
17,d,2013,eb,Yes,48.15041674350,-123.52804313400,0.0271062,0.016338025,0.010768175,9.254030194,21.26530612,0,0,5.714285714,14.53061224
17,d,2014,eb,Yes,48.15041674350,-123.52804313400,0.0267695,0.016338025,0.010431475,9.254030194,67.16666667,0,0.333333333,28.79166667,45.875
17,e,Before,eb,Yes,48.15191474710,-123.52654994700,0.015524575,0.015524575,0,10.00880943,58.97435897,0,0.205128205,33.74358974,28.1025641
17,e,2012,eb,Yes,48.15191474710,-123.52654994700,0.0267056,0.015524575,0.011181025,10.00880943,18.37209302,0,0,7.76744186,10.60465116
17,e,2013,eb,Yes,48.15191474710,-123.52654994700,0.0263445,0.015524575,0.010819925,10.00880943,22.29166667,0,0,5.041666667,19.41666667
17,e,2014,eb,Yes,48.15191474710,-123.52654994700,0.0301735,0.015524575,0.014648925,10.00880943,62.34782609,0,0.173913043,34.08695652,44.56521739
17,f,Before,eb,Yes,48.15340020460,-123.52508635300,0.013241325,0.013241325,0,11.55458959,48.79069767,0,0,14.55813953,30.60465116
17,f,2012,eb,Yes,48.15340020460,-123.52508635300,0.020757,0.013241325,0.007515675,11.55458959,14.4,0,0,4.8,10.48888889
17,f,2013,eb,Yes,48.15340020460,-123.52508635300,0.0242878,0.013241325,0.011046475,11.55458959,10.19607843,0,0,3.607843137,8.62745098
17,f,2014,eb,Yes,48.15340020460,-123.52508635300,0.0273465,0.013241325,0.014105175,11.55458959,65.63636364,0,0,39.81818182,47.04545455
17,g,Before,eb,Yes,48.15486393430,-123.52361587200,0.012177325,0.012177325,0,12.99593407,48.52173913,0,0,31.04347826,18.95652174
17,g,2012,eb,Yes,48.15486393430,-123.52361587200,0.0206016,0.012177325,0.008424275,12.99593407,12.20833333,0,0,7.375,7.666666667
17,g,2013,eb,Yes,48.15486393430,-123.52361587200,0.0264004,0.012177325,0.014223075,12.99593407,6.641509434,0,0,3.320754717,5.735849057
17,g,2014,eb,Yes,48.15486393430,-123.52361587200,0.030366,0.012177325,0.018188675,12.99593407,49.36585366,0,0,28.63414634,37.41463415
17,h,Before,eb,Yes,48.15632735150,-123.52215897500,0.010733375,0.010733375,0,13.74469557,41.95238095,0,0,19,20.76190476
17,h,2012,eb,Yes,48.15632735150,-123.52215897500,0.0178162,0.010733375,0.007082825,13.74469557,8.727272727,0,0,4.909090909,8.363636364
17,h,2013,eb,Yes,48.15632735150,-123.52215897500,0.0182355,0.010733375,0.007502125,13.74469557,8,0,0,0.786885246,8
17,h,2014,eb,Yes,48.15632735150,-123.52215897500,0.0265855,0.010733375,0.015852125,13.74469557,42.33333333,0,0,21,28.22222222
17,i,Before,eb,Yes,48.15787337980,-123.52062883200,0.010733375,0.010733375,0,15.6513897,30.11538462,0,0,13.53846154,15.65384615
17,i,2012,eb,Yes,48.15787337980,-123.52062883200,0.0178162,0.010733375,0.007082825,15.6513897,7.020408163,0,0,4.408163265,2.12244898
17,i,2013,eb,Yes,48.15787337980,-123.52062883200,0.0182355,0.010733375,0.007502125,15.6513897,3.927272727,0,0,1.890909091,2.181818182
17,i,2014,eb,Yes,48.15787337980,-123.52062883200,0.0265855,0.010733375,0.015852125,15.6513897,20.70588235,0,0,10.82352941,10.35294118
18,a,Before,eb,No,48.13751071870,-123.52263541700,,,,4.447621245,86.56410256,0,2.051282051,70.15384615,20.82051282
18,a,2012,eb,No,48.13751071870,-123.52263541700,,,,4.447621245,78.32,0,0.16,68.72,12.8
18,a,2013,eb,No,48.13751071870,-123.52263541700,,,,4.447621245,68.59259259,0,1.925925926,36.40740741,34.18518519
18,a,2014,eb,No,48.13751071870,-123.52263541700,,,,4.447621245,87.06976744,0,1.488372093,46.8372093,43.6744186
18,b,Before,eb,No,48.13920140770,-123.52172898000,,,,5.768365867,57.45945946,0,6.486486486,12.86486486,42.21621622
18,b,2012,eb,No,48.13920140770,-123.52172898000,,,,5.768365867,22.04444444,0,0.177777778,5.911111111,15.6
18,b,2013,eb,No,48.13920140770,-123.52172898000,,,,5.768365867,41.71428571,0,7.857142857,4.892857143,23.46428571
18,b,2014,eb,No,48.13920140770,-123.52172898000,,,,5.768365867,52.8,0.177777778,7.111111111,19.64444444,34.35555556
18,c,Before,eb,No,48.14084281770,-123.52087292100,,,,6.487472879,47.45945946,0,7.783783784,8.540540541,35.62162162
18,c,2012,eb,No,48.14084281770,-123.52087292100,,,,6.487472879,25.23809524,0,1.714285714,2.857142857,20.23809524
18,c,2013,eb,No,48.14084281770,-123.52087292100,,,,6.487472879,47.11111111,0,5.777777778,8.592592593,34.2962963
18,c,2014,eb,No,48.14084281770,-123.52087292100,,,,6.487472879,45.27272727,0,4,11.22727273,36.95454545
18,d,Before,eb,Yes,48.14254243200,-123.51996334400,0.018291675,0.018291675,0,7.048716698,33.45,0,5.6,4.65,27.4
18,d,2012,eb,Yes,48.14254243200,-123.51996334400,0.020102,0.018291675,0.001810325,7.048716698,19.66666667,0,0.5,2,16.16666667
18,d,2013,eb,Yes,48.14254243200,-123.51996334400,0.0293933,0.018291675,0.011101625,7.048716698,49.0877193,0,6.035087719,4.912280702,44.07017544
18,d,2014,eb,Yes,48.14254243200,-123.51996334400,0.0294355,0.018291675,0.011143825,7.048716698,25.72727273,0,1.090909091,4.727272727,24.63636364
18,e,Before,eb,Yes,48.14433543460,-123.51900952100,0.0139085,0.0139085,0,8.592982441,17.07317073,0,1.170731707,3.56097561,12.29268293
18,e,2012,eb,Yes,48.14433543460,-123.51900952100,0.0179032,0.0139085,0.0039947,8.592982441,8.711111111,0,0,1.244444444,8.711111111
18,e,2013,eb,Yes,48.14433543460,-123.51900952100,0.0295708,0.0139085,0.0156623,8.592982441,21.10714286,0,0,1,20.10714286
18,e,2014,eb,Yes,48.14433543460,-123.51900952100,0.021597,0.0139085,0.0076885,8.592982441,26.83333333,0,3,8,17.58333333
18,f,Before,eb,Yes,48.14607464120,-123.51810524700,0.014036825,0.014036825,0,9.322192652,28.0625,0,0.25,4.5,23.3125
18,f,2012,eb,Yes,48.14607464120,-123.51810524700,0.0190928,0.014036825,0.005055975,9.322192652,19.5,0,0,4.045454545,13.40909091
18,f,2013,eb,Yes,48.14607464120,-123.51810524700,0.0296527,0.014036825,0.015615875,9.322192652,8.64,0,0,1.28,8.64
18,f,2014,eb,Yes,48.14607464120,-123.51810524700,0.017544,0.014036825,0.003507175,9.322192652,15.91111111,0,0.177777778,3.911111111,14.62222222
18,g,Before,eb,Yes,48.14783618260,-123.51714112600,0.01178105,0.01178105,0,10.01920728,59.95238095,0,0.19047619,30.80952381,34.85714286
18,g,2012,eb,Yes,48.14783618260,-123.51714112600,0.019429,0.01178105,0.00764795,10.01920728,30.36734694,0,0.163265306,10.36734694,16.44897959
18,g,2013,eb,Yes,48.14783618260,-123.51714112600,0.0236151,0.01178105,0.01183405,10.01920728,18.06779661,0,0,2.847457627,15.72881356
18,g,2014,eb,Yes,48.14783618260,-123.51714112600,0.0229375,0.01178105,0.01115645,10.01920728,42.2962963,0,0,10.37037037,36.40740741
18,h,Before,eb,Yes,48.14962925380,-123.51620461600,0.010927275,0.010927275,0,10.90529446,62,0,0.216216216,36.86486486,27.45945946
18,h,2012,eb,Yes,48.14962925380,-123.51620461600,0.0192538,0.010927275,0.008326525,10.90529446,39.95454545,0,0,16.13636364,18.04545455
18,h,2013,eb,Yes,48.14962925380,-123.51620461600,0.0218121,0.010927275,0.010884825,10.90529446,34.77777778,0,0,5.62962963,28.48148148
18,h,2014,eb,Yes,48.14962925380,-123.51620461600,0.025052,0.010927275,0.014124725,10.90529446,43.35,0,0.4,14.3,29.8
18,i,Before,eb,Yes,48.15134082950,-123.51528754500,0.010927275,0.010927275,0,11.73235881,61.94736842,0,0,42.68421053,22.36842105
18,i,2012,eb,Yes,48.15134082950,-123.51528754500,0.0192538,0.010927275,0.008326525,11.73235881,41.2195122,0,0,15.2195122,17.95121951
18,i,2013,eb,Yes,48.15134082950,-123.51528754500,0.0218121,0.010927275,0.010884825,11.73235881,28.90566038,0,0,4.830188679,24.94339623
18,i,2014,eb,Yes,48.15134082950,-123.51528754500,0.025052,0.010927275,0.014124725,11.73235881,52.53658537,0,0,28.53658537,34.7804878
18,j,Before,eb,Yes,48.15305106050,-123.51439172700,0.010737225,0.010737225,0,12.98095157,62.88888889,0,0,36.05555556,31.72222222
18,j,2012,eb,Yes,48.15305106050,-123.51439172700,0.0186506,0.010737225,0.007913375,12.98095157,30.10526316,0,0,9.263157895,14.31578947
18,j,2013,eb,Yes,48.15305106050,-123.51439172700,0.0282051,0.010737225,0.017467875,12.98095157,9.568627451,0,0,3.607843137,9.254901961
18,j,2014,eb,Yes,48.15305106050,-123.51439172700,0.0197695,0.010737225,0.009032275,12.98095157,51.3,0,0,21.75,32.45
18,k,Before,eb,Yes,48.15489461480,-123.51341314900,0.01072265,0.01072265,0,14.75721296,53.80487805,0,0,34.34146341,28
18,k,2012,eb,Yes,48.15489461480,-123.51341314900,0.018645,0.01072265,0.00792235,14.75721296,20.8,0,0,8.177777778,9.6
18,k,2013,eb,Yes,48.15489461480,-123.51341314900,0.018032,0.01072265,0.00730935,14.75721296,6.349206349,0,0,3.174603175,5.206349206
18,k,2014,eb,Yes,48.15489461480,-123.51341314900,0.0164965,0.01072265,0.00577385,14.75721296,40.77142857,0,0,10.6,29.31428571
19,a,Before,eb,No,48.13387082470,-123.48961211700,,,,6.388386201,22.375,0,1.25,17.4375,7.25
19,a,2012,eb,No,48.13387082470,-123.48961211700,,,,6.388386201,1.191489362,0,0.170212766,0.85106383,1.021276596
19,a,2013,eb,No,48.13387082470,-123.48961211700,,,,6.388386201,0.701754386,0,0,0.561403509,0.140350877
19,a,2014,eb,No,48.13387082470,-123.48961211700,,,,6.388386201,7.531914894,0,3.404255319,2.723404255,5.787234043
19,b,Before,eb,Yes,48.13565504220,-123.48943518300,0.02938115,0.02938115,0,9.484213112,60.9375,0,1,46.4375,14.875
19,b,2012,eb,Yes,48.13565504220,-123.48943518300,0.0345588,0.02938115,0.00517765,9.484213112,19.67346939,0,0.163265306,7.551020408,12.89795918
19,b,2013,eb,Yes,48.13565504220,-123.48943518300,0.0345183,0.02938115,0.00513715,9.484213112,8.549019608,0,0,3.764705882,5.882352941
19,b,2014,eb,Yes,48.13565504220,-123.48943518300,0.030758,0.02938115,0.00137685,9.484213112,32.17777778,0,2.488888889,8.4,23.2
19,c,Before,eb,Yes,48.13744282960,-123.48925688600,0.020713875,0.020713875,0,10.58090052,45.38888889,0,0.666666667,32,11.11111111
19,c,2012,eb,Yes,48.13744282960,-123.48925688600,0.0228424,0.020713875,0.002128525,10.58090052,21.70212766,0,0.170212766,11.91489362,11.36170213
19,c,2013,eb,Yes,48.13744282960,-123.48925688600,0.0284103,0.020713875,0.007696425,10.58090052,3.285714286,0,0,1.714285714,1.428571429
19,c,2014,eb,Yes,48.13744282960,-123.48925688600,0.0299665,0.020713875,0.009252625,10.58090052,18.25531915,0,0.170212766,2.893617021,16.55319149
19,d,Before,eb,Yes,48.13921789080,-123.48908042700,0.0134427,0.0134427,0,11.60244422,44.34285714,0,0.685714286,31.94285714,13.48571429
19,d,2012,eb,Yes,48.13921789080,-123.48908042700,0.0160594,0.0134427,0.0026167,11.60244422,24.71428571,0,0.571428571,12.71428571,11.0952381
19,d,2013,eb,Yes,48.13921789080,-123.48908042700,0.0261724,0.0134427,0.0127297,11.60244422,3.333333333,0,0,1.666666667,1.666666667
19,d,2014,eb,Yes,48.13921789080,-123.48908042700,0.0333265,0.0134427,0.0198838,11.60244422,10.08,0,0,1.92,9.12
19,e,Before,eb,Yes,48.14099173720,-123.48890292700,0.012823875,0.012823875,0,12.69389531,51.33333333,0,0.205128205,33.74358974,18.20512821
19,e,2012,eb,Yes,48.14099173720,-123.48890292700,0.0224132,0.012823875,0.009589325,12.69389531,27.56097561,0,0,11.70731707,14.58536585
19,e,2013,eb,Yes,48.14099173720,-123.48890292700,0.0208675,0.012823875,0.008043625,12.69389531,4.392156863,0,0,2.196078431,3.137254902
19,e,2014,eb,Yes,48.14099173720,-123.48890292700,0.0272595,0.012823875,0.014435625,12.69389531,11.42222222,0,0,4.8,8.355555556
19,f,Before,eb,Yes,48.14276829570,-123.48872766100,0.012823875,0.012823875,0,14.11709885,72.18604651,0,0,45.76744186,34.27906977
19,f,2012,eb,Yes,48.14276829570,-123.48872766100,0.0224132,0.012823875,0.009589325,14.11709885,44.29268293,0,0.195121951,12.3902439,30.92682927
19,f,2013,eb,Yes,48.14276829570,-123.48872766100,0.0208675,0.012823875,0.008043625,14.11709885,8.333333333,0,0,2.333333333,8.333333333
19,f,2014,eb,Yes,48.14276829570,-123.48872766100,0.0272595,0.012823875,0.014435625,14.11709885,32.65217391,0,0,12.60869565,20.7826087
19,g,Before,eb,Yes,48.14429519300,-123.48857509400,0.0106627,0.0106627,0,16.31859088,73,0,0,28.94117647,51.52941176
19,g,2012,eb,Yes,48.14429519300,-123.48857509400,0.0142564,0.0106627,0.0035937,16.31859088,41.61290323,0,0,9.032258065,32.70967742
19,g,2013,eb,Yes,48.14429519300,-123.48857509400,0.01473,0.0106627,0.0040673,16.31859088,9.684210526,0,0,1.684210526,9.684210526
19,g,2014,eb,Yes,48.14429519300,-123.48857509400,0.0173045,0.0106627,0.0066418,16.31859088,9.833333333,0,0,2.666666667,8.222222222
20,a,Before,eb,No,48.13473708550,-123.47596240600,,,,5.997537313,70.5,0,0,70.5,0.25
20,a,2012,eb,No,48.13473708550,-123.47596240600,,,,5.997537313,51.5,0,0.181818182,49.18181818,0.909090909
20,a,2013,eb,No,48.13473708550,-123.47596240600,,,,5.997537313,49.59322034,0,0.13559322,49.3220339,1.220338983
20,a,2014,eb,No,48.13473708550,-123.47596240600,,,,5.997537313,58.94339623,0,0.754716981,54.03773585,7.886792453
20,b,Before,eb,Yes,48.13653682820,-123.47601715900,0.019683425,0.019683425,0,9.938505002,60.76470588,0,0.235294118,57.23529412,8.705882353
20,b,2012,eb,Yes,48.13653682820,-123.47601715900,0.02181,0.019683425,0.002126575,9.938505002,30.95238095,0,0.571428571,21.85714286,8.952380952
20,b,2013,eb,Yes,48.13653682820,-123.47601715900,0.0288563,0.019683425,0.009172875,9.938505002,13.91304348,0,0.115942029,8.898550725,7.304347826
20,b,2014,eb,Yes,48.13653682820,-123.47601715900,0.025084,0.019683425,0.005400575,9.938505002,31.20833333,0,1.666666667,15.54166667,20.83333333
20,c,Before,eb,Yes,48.13833183680,-123.47607302500,0.019683425,0.019683425,0,11.64727037,69.82352941,0,0,61.52941176,11.76470588
20,c,2012,eb,Yes,48.13833183680,-123.47607302500,0.02181,0.019683425,0.002126575,11.64727037,30.35,0,0.2,20.9,9
20,c,2013,eb,Yes,48.13833183680,-123.47607302500,0.0288563,0.019683425,0.009172875,11.64727037,10.85294118,0,0,6.617647059,7.411764706
20,c,2014,eb,Yes,48.13833183680,-123.47607302500,0.025084,0.019683425,0.005400575,11.64727037,19.42222222,0,0.888888889,6.977777778,15.06666667
20,d,Before,eb,Yes,48.14009790140,-123.47612916600,0.01682065,0.01682065,0,12.16174552,66.97142857,0,0,57.14285714,12.85714286
20,d,2012,eb,Yes,48.14009790140,-123.47612916600,0.0146826,0.01682065,-0.00213805,12.16174552,35.27272727,0,0.181818182,23.22727273,8.545454545
20,d,2013,eb,Yes,48.14009790140,-123.47612916600,0.0262519,0.01682065,0.00943125,12.16174552,12.21052632,0,0,9.263157895,7.298245614
20,d,2014,eb,Yes,48.14009790140,-123.47612916600,0.024033,0.01682065,0.00721235,12.16174552,20.75555556,0,0.533333333,6.4,15.68888889
20,e,Before,eb,Yes,48.14187869470,-123.47617852700,0.012334125,0.012334125,0,12.60544721,48.92307692,0,0.205128205,45.02564103,9.076923077
20,e,2012,eb,Yes,48.14187869470,-123.47617852700,0.0144668,0.012334125,0.002132675,12.60544721,23.82222222,0,0,9.333333333,13.06666667
20,e,2013,eb,Yes,48.14187869470,-123.47617852700,0.0224136,0.012334125,0.010079475,12.60544721,7.344262295,0,0,4.852459016,5.901639344
20,e,2014,eb,Yes,48.14187869470,-123.47617852700,0.0265295,0.012334125,0.014195375,12.60544721,8.711111111,0,0.177777778,3.911111111,7.644444444
20,f,Before,eb,Yes,48.14365180830,-123.47623559100,0.014080075,0.014080075,0,14.05939068,78.21052632,0,0,70.10526316,14.73684211
20,f,2012,eb,Yes,48.14365180830,-123.47623559100,0.0144116,0.014080075,0.000331525,14.05939068,47.14285714,0,0.19047619,11.80952381,25.57142857
20,f,2013,eb,Yes,48.14365180830,-123.47623559100,0.0158157,0.014080075,0.001735625,14.05939068,8.516129032,0,0,6.451612903,8
20,f,2014,eb,Yes,48.14365180830,-123.47623559100,0.017316,0.014080075,0.003235925,14.05939068,11.80952381,0,0,8.19047619,9.142857143
20,g,Before,eb,Yes,48.14534794790,-123.47628422000,0.0100685,0.0100685,0,16.39455011,33.04761905,0,0,11.47619048,19.95238095
20,g,2012,eb,Yes,48.14534794790,-123.47628422000,0.013945,0.0100685,0.0038765,16.39455011,20.22727273,0,0,6.363636364,12.72727273
20,g,2013,eb,Yes,48.14534794790,-123.47628422000,0.014293,0.0100685,0.0042245,16.39455011,5.236363636,0,0,1.454545455,4.8
20,g,2014,eb,Yes,48.14534794790,-123.47628422000,0.017054,0.0100685,0.0069855,16.39455011,10.58536585,0,0,6.634146341,8.390243902
21,a,Before,eh,No,48.13940199960,-123.46086438000,,,,5.912985482,38.11111111,0,1.555555556,27.83333333,10.55555556
21,a,2012,eh,No,48.13940199960,-123.46086438000,,,,5.912985482,26.68181818,0,0.727272727,16.13636364,11.18181818
21,a,2013,eh,No,48.13940199960,-123.46086438000,,,,5.912985482,28.18518519,0,0.888888889,9.481481481,19.40740741
21,a,2014,eh,No,48.13940199960,-123.46086438000,,,,5.912985482,27.65957447,0,4.595744681,8.170212766,16.9787234
21,b,Before,eh,Yes,48.14107278130,-123.46173450500,0.017723075,0.017723075,0,7.50034241,35.33333333,0,1.939393939,4.909090909,29.15151515
21,b,2012,eh,Yes,48.14107278130,-123.46173450500,0.0245644,0.017723075,0.006841325,7.50034241,32.73076923,0,0.307692308,3.307692308,28.84615385
21,b,2013,eh,Yes,48.14107278130,-123.46173450500,0.0265252,0.017723075,0.008802125,7.50034241,46.24137931,0,0,2.724137931,43.93103448
21,b,2014,eh,Yes,48.14107278130,-123.46173450500,0.020075,0.017723075,0.002351925,7.50034241,15.75,0,1,2,15.08333333
21,c,Before,eh,Yes,48.14279831500,-123.46263367400,0.014635375,0.014635375,0,8.58110062,30.91428571,0,1.371428571,22.97142857,9.6
21,c,2012,eh,Yes,48.14279831500,-123.46263367400,0.0216756,0.014635375,0.007040225,8.58110062,28.41935484,0,0.774193548,10.35483871,18.80645161
21,c,2013,eh,Yes,48.14279831500,-123.46263367400,0.0269945,0.014635375,0.012359125,8.58110062,20.25,0,0,4,15.84375
21,c,2014,eh,Yes,48.14279831500,-123.46263367400,0.03152,0.014635375,0.016884625,8.58110062,8.76,0,0.16,2.12,6.92
21,d,Before,eh,Yes,48.14453715690,-123.46354046200,0.0146659,0.0146659,0,12.14233393,60.47368421,0,0,50.42105263,20
21,d,2012,eh,Yes,48.14453715690,-123.46354046200,0.0156716,0.0146659,0.0010057,12.14233393,38,0,0,32.18867925,7.698113208
21,d,2013,eh,Yes,48.14453715690,-123.46354046200,0.0160681,0.0146659,0.0014022,12.14233393,28.77966102,0,0,19.3220339,7.728813559
21,d,2014,eh,Yes,48.14453715690,-123.46354046200,0.029688,0.0146659,0.0150221,12.14233393,21.84615385,0,0,16.23076923,10.03846154
22,a,Before,eh,No,48.14068859170,-123.45674159000,,,,5.739113466,34.42105263,0,5.684210526,5.736842105,21.05263158
22,a,2012,eh,No,48.14068859170,-123.45674159000,,,,5.739113466,32.34615385,0,0.769230769,3.307692308,29.42307692
22,a,2013,eh,No,48.14068859170,-123.45674159000,,,,5.739113466,55.83606557,0,1.049180328,3.081967213,53.18032787
22,a,2014,eh,No,48.14068859170,-123.45674159000,,,,5.739113466,19.95744681,0,3.744680851,4.638297872,17.0212766
22,b,Before,eh,Yes,48.14241167700,-123.45755703000,0.02531085,0.02531085,0,7.722127784,32.48484848,0,5.090909091,15.39393939,16.84848485
22,b,2012,eh,Yes,48.14241167700,-123.45755703000,0.02923,0.02531085,0.00391915,7.722127784,28.92307692,0,1.230769231,6.192307692,20.96153846
22,b,2013,eh,Yes,48.14241167700,-123.45755703000,0.0263285,0.02531085,0.00101765,7.722127784,33.8245614,0,0.280701754,4.035087719,30.14035088
22,b,2014,eh,Yes,48.14241167700,-123.45755703000,0.020562,0.02531085,-0.00474885,7.722127784,14.5,0,0.666666667,6.083333333,9.166666667
22,c,Before,eh,Yes,48.14420784740,-123.45838325700,0.013211575,0.013211575,0,12.35690348,50.14285714,0,0.19047619,37.04761905,16.33333333
22,c,2012,eh,Yes,48.14420784740,-123.45838325700,0.0242614,0.013211575,0.011049825,12.35690348,33.76271186,0,0.13559322,25.45762712,8.983050847
22,c,2013,eh,Yes,48.14420784740,-123.45838325700,0.0190076,0.013211575,0.005796025,12.35690348,14.77192982,0,0,9.684210526,6.175438596
22,c,2014,eh,Yes,48.14420784740,-123.45838325700,0.0261125,0.013211575,0.012900925,12.35690348,10.88461538,0,0,7.115384615,8.5
23,a,Before,eh,No,48.14264270350,-123.44302712500,,,,5.182964507,44.75,5.15,1.4,28.45,15.75
23,a,2012,eh,No,48.14264270350,-123.44302712500,,,,5.182964507,49.95918367,4.775510204,0.163265306,35.95918367,10.85714286
23,a,2013,eh,No,48.14264270350,-123.44302712500,,,,5.182964507,48.46153846,4.807692308,0.615384615,26.73076923,16.07692308
23,a,2014,eh,No,48.14264270350,-123.44302712500,,,,5.182964507,45.6744186,6.558139535,1.674418605,28.18604651,15.58139535
23,b,Before,eh,Yes,48.14411295670,-123.44330803400,0.0203617,0.0203617,0,11.00959589,55.74193548,5.612903226,0.516129032,42.38709677,9.806451613
23,b,2012,eh,Yes,48.14411295670,-123.44330803400,0.0264286,0.0203617,0.0060669,11.00959589,32.96969697,0.727272727,0.727272727,19.45454545,11.39393939
23,b,2013,eh,Yes,48.14411295670,-123.44330803400,0.0309141,0.0203617,0.0105524,11.00959589,31.37142857,6.4,0,18.4,9.657142857
23,b,2014,eh,Yes,48.14411295670,-123.44330803400,0.0311985,0.0203617,0.0108368,11.00959589,27.73333333,2.8,0,16.26666667,10.73333333
24,a,Before,eh,No,48.14313335080,-123.42865770800,,,,5.446558576,74,11.15789474,0.421052632,54.10526316,12.31578947
24,a,2012,eh,No,48.14313335080,-123.42865770800,,,,5.446558576,42.76190476,4.666666667,0,30,5.333333333
24,a,2013,eh,No,48.14313335080,-123.42865770800,,,,5.446558576,53.65217391,3.913043478,1.043478261,39.65217391,10.08695652
24,a,2014,eh,No,48.14313335080,-123.42865770800,,,,5.446558576,56.96774194,8.451612903,3.870967742,33.5483871,20.51612903
25,a,Before,eh,Yes,48.14327568830,-123.42612108700,0.01800045,0.01800045,0,7.419649265,51.93939394,2.666666667,0.96969697,46,10.3030303
25,a,2012,eh,Yes,48.14327568830,-123.42612108700,0.0224068,0.01800045,0.00440635,7.419649265,33.44444444,8.833333333,0,18.11111111,10.27777778
25,a,2013,eh,Yes,48.14327568830,-123.42612108700,0.0231308,0.01800045,0.00513035,7.419649265,40.8,2,0.6,25.45,16.45
25,a,2014,eh,Yes,48.14327568830,-123.42612108700,0.023961,0.01800045,0.00596055,7.419649265,37,5.631578947,4.421052632,17.10526316,17.36842105
26,a,Before,eh,No,48.14334517190,-123.42593690200,,,,8.548403647,60.62068966,0.827586207,0.551724138,51.72413793,8.896551724
26,a,2012,eh,No,48.14334517190,-123.42593690200,,,,8.548403647,45.05882353,6.588235294,0.705882353,32.23529412,9.411764706
26,a,2013,eh,No,48.14334517190,-123.42593690200,,,,8.548403647,52.14285714,1.714285714,0.571428571,34.42857143,16.19047619
26,a,2014,eh,No,48.14334517190,-123.42593690200,,,,8.548403647,48.5,7.75,4.75,16.0625,26.9375
27,a,Before,eh,No,48.14327986560,-123.42522077300,,,,7.845333641,60.62857143,3.428571429,1.142857143,49.14285714,7.085714286
27,a,2012,eh,No,48.14327986560,-123.42522077300,,,,7.845333641,39.33333333,1.777777778,0.222222222,31.33333333,9.777777778
27,a,2013,eh,No,48.14327986560,-123.42522077300,,,,7.845333641,44.04878049,5.414634146,0,27.17073171,12.58536585
27,a,2014,eh,No,48.14327986560,-123.42522077300,,,,7.845333641,41.70731707,7.512195122,3.12195122,19.65853659,19.51219512
28,a,Before,eh,Yes,48.14228518270,-123.40892930800,0.0437263,0.0437263,0,9.783227385,58.94117647,0,2.352941176,33.52941176,22.47058824
28,a,2012,eh,Yes,48.14228518270,-123.40892930800,0.046083,0.0437263,0.0023567,9.783227385,47.75,0,0,40.5,12.5
28,a,2013,eh,Yes,48.14228518270,-123.40892930800,0.0414488,0.0437263,-0.0022775,9.783227385,44.5,0,0.4,38.7,11.4
28,a,2014,eh,Yes,48.14228518270,-123.40892930800,0.0401,0.0437263,-0.0036263,9.783227385,34,0,2.823529412,19.05882353,15.76470588
29,a,Before,eh,No,48.14180583100,-123.40455479400,,,,9.15387583,70.54545455,0,0,62.90909091,5.818181818
29,a,2012,eh,No,48.14180583100,-123.40455479400,,,,9.15387583,55.2,0,0,47.6,8.8
29,a,2013,eh,No,48.14180583100,-123.40455479400,,,,9.15387583,52.16666667,0,0.666666667,48.66666667,4.666666667
29,a,2014,eh,No,48.14180583100,-123.40455479400,,,,9.15387583,57.83333333,0,0,41.16666667,15.5
30,a,Before,eh,Yes,48.14168745950,-123.40405387000,0.033307875,0.033307875,0,7.203684104,87.2,0,0,85.6,5.6
30,a,2012,eh,Yes,48.14168745950,-123.40405387000,0.0323802,0.033307875,-0.000927675,7.203684104,73.81818182,0,0.727272727,69.09090909,7.272727273
30,a,2013,eh,Yes,48.14168745950,-123.40405387000,0.0353722,0.033307875,0.002064325,7.203684104,68.33333333,0,1.333333333,63.5,8
30,a,2014,eh,Yes,48.14168745950,-123.40405387000,0.0351945,0.033307875,0.001886625,7.203684104,72.4,0,1.6,53.46666667,26.93333333
31,a,Before,db,No,48.11541785190,-123.33284039100,,,,5.516481322,30.92307692,0,1.230769231,14.41025641,18.51282051
31,a,2012,db,No,48.11541785190,-123.33284039100,,,,5.516481322,41.78723404,0,0.680851064,18.17021277,22.29787234
31,a,2013,db,No,48.11541785190,-123.33284039100,,,,5.516481322,34.94117647,0,0.784313725,18.07843137,22.82352941
31,a,2014,db,No,48.11541785190,-123.33284039100,,,,5.516481322,36.97674419,0,0.558139535,7.953488372,26.55813953
31,b,Before,db,No,48.11721459920,-123.33293392100,,,,6.819601079,64.48780488,0,0.390243902,61.17073171,8.682926829
31,b,2012,db,No,48.11721459920,-123.33293392100,,,,6.819601079,70.07272727,0,0.727272727,68.58181818,4.945454545
31,b,2013,db,No,48.11721459920,-123.33293392100,,,,6.819601079,54.7037037,0,0,53,4.296296296
31,b,2014,db,No,48.11721459920,-123.33293392100,,,,6.819601079,59.94871795,0,2.461538462,46.20512821,9.487179487
31,c,Before,db,No,48.11901120480,-123.33302757600,,,,8.347477862,60.71428571,0,0.571428571,55.38095238,12.95238095
31,c,2012,db,No,48.11901120480,-123.33302757600,,,,8.347477862,66.17021277,0,0.85106383,61.14893617,7.531914894
31,c,2013,db,No,48.11901120480,-123.33302757600,,,,8.347477862,47.15789474,0,0.140350877,35.71929825,16.31578947
31,c,2014,db,No,48.11901120480,-123.33302757600,,,,8.347477862,48.15384615,0,3.487179487,29.33333333,17.43589744
31,d,Before,db,No,48.12080780820,-123.33312123700,,,,9.278093269,62.30769231,0,0,48.97435897,25.53846154
31,d,2012,db,No,48.12080780820,-123.33312123700,,,,9.278093269,54.88888889,0,0.148148148,38.81481481,15.85185185
31,d,2013,db,No,48.12080780820,-123.33312123700,,,,9.278093269,51.62264151,0,0,43.28301887,15.58490566
31,d,2014,db,No,48.12080780820,-123.33312123700,,,,9.278093269,34.19512195,0,1.56097561,18.48780488,18.3902439
31,e,Before,db,No,48.12260440950,-123.33321490500,,,,10.19692911,65.40540541,0,0,35.40540541,36.27027027
31,e,2012,db,No,48.12260440950,-123.33321490500,,,,10.19692911,65.89333333,0,0.106666667,34.10666667,38.10666667
31,e,2013,db,No,48.12260440950,-123.33321490500,,,,10.19692911,55.96153846,0,0,28.46153846,31.42307692
31,e,2014,db,No,48.12260440950,-123.33321490500,,,,10.19692911,28.73170732,0,0.195121951,12.14634146,17.41463415
31,f,Before,db,No,48.12440100870,-123.33330857900,,,,12.58760427,51.85714286,0,0,16.23809524,38.47619048
31,f,2012,db,No,48.12440100870,-123.33330857900,,,,12.58760427,60.94252874,0,0,11.10344828,49.74712644
31,f,2013,db,No,48.12440100870,-123.33330857900,,,,12.58760427,40.02941176,0,0,4.470588235,36.73529412
31,f,2014,db,No,48.12440100870,-123.33330857900,,,,12.58760427,25.53846154,0,0.615384615,1.435897436,24.46153846
31,g,Before,db,No,48.12619760570,-123.33340225900,,,,14.18185908,56.19047619,0,0,13.66666667,41.95238095
31,g,2012,db,No,48.12619760570,-123.33340225900,,,,14.18185908,51.36842105,0,0.105263158,6.868421053,42.78947368
31,g,2013,db,No,48.12619760570,-123.33340225900,,,,14.18185908,30.625,0,0,0.625,29.8125
31,g,2014,db,No,48.12619760570,-123.33340225900,,,,14.18185908,9.756097561,0,0,3.317073171,8.975609756
31,h,Before,db,No,48.12799420070,-123.33349594600,,,,14.4381856,59.24444444,0,0,8,53.46666667
31,h,2012,db,No,48.12799420070,-123.33349594600,,,,14.4381856,38.6744186,0,0,3.534883721,35.46511628
31,h,2013,db,No,48.12799420070,-123.33349594600,,,,14.4381856,34.94915254,0,0.271186441,0,34.94915254
31,h,2014,db,No,48.12799420070,-123.33349594600,,,,14.4381856,6.243902439,0,0,0.195121951,6.243902439
31,i,Before,db,No,48.12986186860,-123.33359446400,,,,15.07635475,56.38461538,0,0,17.38461538,46.88461538
31,i,2012,db,No,48.12986186860,-123.33359446400,,,,15.07635475,25.17525773,0,0,0.577319588,25.01030928
31,i,2013,db,No,48.12986186860,-123.33359446400,,,,15.07635475,14.13333333,0,0,0.96,13.46666667
31,i,2014,db,No,48.12986186860,-123.33359446400,,,,15.07635475,4.666666667,0,0,0,4.666666667
32,a,Before,db,No,48.11640455490,-123.31006244100,,,,4.999813973,47.95348837,0,2.046511628,37.53488372,12.41860465
32,a,2012,db,No,48.11640455490,-123.31006244100,,,,4.999813973,59.3877551,0.489795918,3.102040816,38.6122449,20.36734694
32,a,2013,db,No,48.11640455490,-123.31006244100,,,,4.999813973,62.85106383,0,0,49.53191489,14.25531915
32,a,2014,db,No,48.11640455490,-123.31006244100,,,,4.999813973,55.42857143,0,1.904761905,40.57142857,15.52380952
32,b,Before,db,No,48.11817973440,-123.31048634200,,,,7.408272757,57.06666667,0,0.177777778,46.71111111,15.11111111
32,b,2012,db,No,48.11817973440,-123.31048634200,,,,7.408272757,70.20833333,0.166666667,1.5,47.58333333,25.04166667
32,b,2013,db,No,48.11817973440,-123.31048634200,,,,7.408272757,57.84615385,0,0,47.47692308,9.907692308
32,b,2014,db,No,48.11817973440,-123.31048634200,,,,7.408272757,58.47619048,0,1.714285714,40.0952381,19
32,c,Before,db,No,48.11995491030,-123.31091027100,,,,8.654074883,27.28888889,0,0.888888889,11.91111111,18.17777778
32,c,2012,db,No,48.11995491030,-123.31091027100,,,,8.654074883,45.42857143,0,1.632653061,13.67346939,33.02040816
32,c,2013,db,No,48.11995491030,-123.31091027100,,,,8.654074883,34.77192982,0,0,22.42105263,13.19298246
32,c,2014,db,No,48.11995491030,-123.31091027100,,,,8.654074883,25.30232558,0,1.11627907,11.86046512,14.79069767
32,d,Before,db,No,48.12173008270,-123.31133422900,,,,9.337047354,35.38095238,0,0.761904762,12.14285714,24.52380952
32,d,2012,db,No,48.12173008270,-123.31133422900,,,,9.337047354,50.20833333,0,0.333333333,16.33333333,37.16666667
32,d,2013,db,No,48.12173008270,-123.31133422900,,,,9.337047354,24.62068966,0,0,5.931034483,19.20689655
32,d,2014,db,No,48.12173008270,-123.31133422900,,,,9.337047354,21.71428571,0,0.571428571,3.095238095,18.71428571
32,e,Before,db,No,48.12350525140,-123.31175821500,,,,9.447141707,33.14285714,0,0.19047619,14.33333333,19.57142857
32,e,2012,db,No,48.12350525140,-123.31175821500,,,,9.447141707,38.31111111,0,0.533333333,15.55555556,23.06666667
32,e,2013,db,No,48.12350525140,-123.31175821500,,,,9.447141707,14.14285714,0,0,4.392857143,11.03571429
32,e,2014,db,No,48.12350525140,-123.31175821500,,,,9.447141707,19.73684211,0,0.631578947,2.736842105,17.36842105
32,f,Before,db,No,48.12528041660,-123.31218223000,,,,10.27941412,48.7,0,0,9.8,38
32,f,2012,db,No,48.12528041660,-123.31218223000,,,,10.27941412,45.53846154,0,0.615384615,10.92307692,35.38461538
32,f,2013,db,No,48.12528041660,-123.31218223000,,,,10.27941412,28.17241379,0,0,4.034482759,24.37931034
32,f,2014,db,No,48.12528041660,-123.31218223000,,,,10.27941412,33.94736842,0,0,10.05263158,22.52631579
32,g,Before,db,No,48.12709385710,-123.31261636300,,,,13.56395516,53.46666667,0,0,11.82222222,39.82222222
32,g,2012,db,No,48.12709385710,-123.31261636300,,,,13.56395516,46.4,0,0,8.092307692,38.4
32,g,2013,db,No,48.12709385710,-123.31261636300,,,,13.56395516,32.14814815,0,0,1.518518519,30.88888889
32,g,2014,db,No,48.12709385710,-123.31261636300,,,,13.56395516,27.2173913,0,0,0.173913043,27.2173913
33,a,Before,db,No,48.12039335870,-123.29707950000,,,,5.471127149,88.77777778,7.222222222,0,77.11111111,9.888888889
33,a,2012,db,No,48.12039335870,-123.29707950000,,,,5.471127149,88.03921569,1.568627451,0.470588235,72.47058824,14.94117647
33,a,2013,db,No,48.12039335870,-123.29707950000,,,,5.471127149,86.03636364,6.545454545,0,68.69090909,14.50909091
33,a,2014,db,No,48.12039335870,-123.29707950000,,,,5.471127149,88,2.731707317,0.195121951,71.36585366,16.24390244
33,b,Before,db,No,48.12216721350,-123.29751557000,,,,6.897011002,66.4137931,0,0,48.27586207,21.51724138
33,b,2012,db,No,48.12216721350,-123.29751557000,,,,6.897011002,82.40909091,2.272727273,0.181818182,48.63636364,33.40909091
33,b,2013,db,No,48.12216721350,-123.29751557000,,,,6.897011002,69.56363636,0,0,45.05454545,29.78181818
33,b,2014,db,No,48.12216721350,-123.29751557000,,,,6.897011002,57,0,0,41.14285714,18.61904762
33,c,Before,db,No,48.12394106460,-123.29795166900,,,,9.307416473,63.64705882,0,0,42.41176471,36.41176471
33,c,2012,db,No,48.12394106460,-123.29795166900,,,,9.307416473,72.04347826,0,0,36.7826087,32.82608696
33,c,2013,db,No,48.12394106460,-123.29795166900,,,,9.307416473,58.94545455,0,0,30.87272727,30.83636364
33,c,2014,db,No,48.12394106460,-123.29795166900,,,,9.307416473,51.8974359,0,0,21.28205128,31.28205128
33,d,Before,db,No,48.12571491210,-123.29838779800,,,,12.66835944,46.57894737,0,0,19.36842105,29.31578947
33,d,2012,db,No,48.12571491210,-123.29838779800,,,,12.66835944,40.23529412,0,0,10.43137255,30.19607843
33,d,2013,db,No,48.12571491210,-123.29838779800,,,,12.66835944,19.25423729,0,0,2.338983051,17.11864407
33,d,2014,db,No,48.12571491210,-123.29838779800,,,,12.66835944,27.72222222,0,0,0.666666667,27.72222222
33,e,Before,db,No,48.12748875590,-123.29882395500,,,,16.0667703,27.02222222,0,0,3.022222222,21.64444444
33,e,2012,db,No,48.12748875590,-123.29882395500,,,,16.0667703,15.02222222,0,0,3.688888889,12.22222222
33,e,2013,db,No,48.12748875590,-123.29882395500,,,,16.0667703,6.896551724,0,0,0.965517241,6.896551724
33,e,2014,db,No,48.12748875590,-123.29882395500,,,,16.0667703,8.871794872,0,0,1.435897436,7.794871795
33,f,Before,db,No,48.12880615240,-123.29916041300,,,,18.08611815,8,0,0,0,8
33,f,2012,db,No,48.12880615240,-123.29916041300,,,,18.08611815,3.333333333,0,0,0,3.333333333
33,f,2013,db,No,48.12880615240,-123.29916041300,,,,18.08611815,1.523809524,0,0,0,1.523809524
33,f,2014,db,No,48.12880615240,-123.29916041300,,,,18.08611815,0.615384615,0,0,0,0.615384615
34,a,Before,db,No,48.12048094840,-123.27290749600,,,,5.441884314,12,0.210526316,0.421052632,6.157894737,5.315789474
34,a,2012,db,No,48.12048094840,-123.27290749600,,,,5.441884314,10.73913043,0.173913043,1.043478261,2.52173913,8
34,a,2013,db,No,48.12048094840,-123.27290749600,,,,5.441884314,9.310344828,1.724137931,0.827586207,3,4.965517241
34,a,2014,db,No,48.12048094840,-123.27290749600,,,,5.441884314,7.538461538,1.115384615,0.461538462,2.846153846,4.269230769
34,b,Before,db,No,48.12220759410,-123.27365500600,,,,8.167571453,18.90909091,0,0,2.424242424,15.39393939
34,b,2012,db,No,48.12220759410,-123.27365500600,,,,8.167571453,17.77272727,0,0.181818182,3.136363636,15
34,b,2013,db,No,48.12220759410,-123.27365500600,,,,8.167571453,11.40740741,0,0,2.518518519,9.333333333
34,b,2014,db,No,48.12220759410,-123.27365500600,,,,8.167571453,17.45833333,0,0,4.083333333,14.625
34,c,Before,db,No,48.12393423310,-123.27440256500,,,,10.78377532,23.22222222,0,0,2.666666667,19.38888889
34,c,2012,db,No,48.12393423310,-123.27440256500,,,,10.78377532,14.60869565,0,0,2.260869565,12.86956522
34,c,2013,db,No,48.12393423310,-123.27440256500,,,,10.78377532,13.32142857,0,0,1,12.57142857
34,c,2014,db,No,48.12393423310,-123.27440256500,,,,10.78377532,14.90196078,0,0,2.196078431,12.62745098
34,d,Before,db,No,48.12566086540,-123.27515017300,,,,13.10679662,23.35135135,0,0,3.459459459,21.35135135
34,d,2012,db,No,48.12566086540,-123.27515017300,,,,13.10679662,14.77272727,0,0,0.909090909,14.40909091
34,d,2013,db,No,48.12566086540,-123.27515017300,,,,13.10679662,8.470588235,0,0,0.941176471,8.31372549
34,d,2014,db,No,48.12566086540,-123.27515017300,,,,13.10679662,8.941176471,0,0,0.470588235,8.941176471
34,e,Before,db,No,48.12738749100,-123.27589783000,,,,14.3867161,23.89473684,0,0,5.684210526,19.57894737
34,e,2012,db,No,48.12738749100,-123.27589783000,,,,14.3867161,9.739130435,0,0,1.217391304,9.043478261
34,e,2013,db,No,48.12738749100,-123.27589783000,,,,14.3867161,7.172413793,0,0,0.965517241,7.172413793
34,e,2014,db,No,48.12738749100,-123.27589783000,,,,14.3867161,8.170212766,0,0,0.680851064,8.170212766
34,f,Before,db,No,48.12911411000,-123.27664553600,,,,15.33310418,40.33333333,0,0,5.142857143,30.9047619
34,f,2012,db,No,48.12911411000,-123.27664553600,,,,15.33310418,16.72727273,0,0,0.181818182,16.72727273
34,f,2013,db,No,48.12911411000,-123.27664553600,,,,15.33310418,10.07407407,0,0,0.444444444,10.07407407
34,f,2014,db,No,48.12911411000,-123.27664553600,,,,15.33310418,9.422222222,0,0,0.355555556,9.066666667
34,g,Before,db,No,48.13056570980,-123.27726436000,,,,16.50230474,35.65517241,0,0,2.482758621,32.96551724
34,g,2012,db,No,48.13056570980,-123.27726436000,,,,16.50230474,16.77419355,0,0,0.258064516,16.77419355
34,g,2013,db,No,48.13056570980,-123.27726436000,,,,16.50230474,10.05128205,0,0,0,10.05128205
34,g,2014,db,No,48.13056570980,-123.27726436000,,,,16.50230474,13.81818182,0,0,0,13.81818182
35,a,Before,db,No,48.12384807470,-123.23041229900,,,,5.236875644,86.70967742,15.35483871,0.258064516,64.4516129,6.258064516
35,a,2012,db,No,48.12384807470,-123.23041229900,,,,5.236875644,77.23404255,3.319148936,0.170212766,66.25531915,7.191489362
35,a,2013,db,No,48.12384807470,-123.23041229900,,,,5.236875644,89.6,4.836363636,0,71.89090909,17.38181818
35,a,2014,db,No,48.12384807470,-123.23041229900,,,,5.236875644,73.16,7.04,0.32,40.28,31.64
35,b,Before,db,No,48.12548504700,-123.23152212900,,,,7.524770574,66,0,0,62.66666667,7
35,b,2012,db,No,48.12548504700,-123.23152212900,,,,7.524770574,53.6,0,0,44.4,10.93333333
35,b,2013,db,No,48.12548504700,-123.23152212900,,,,7.524770574,57.01960784,0,0,49.7254902,13.09803922
35,b,2014,db,No,48.12548504700,-123.23152212900,,,,7.524770574,38.66666667,0,0,30.625,17.54166667
35,c,Before,db,No,48.12712200720,-123.23263202900,,,,9.254317383,52.625,0,0,42.0625,12.3125
35,c,2012,db,No,48.12712200720,-123.23263202900,,,,9.254317383,45.43478261,0,0,28.56521739,16.65217391
35,c,2013,db,No,48.12712200720,-123.23263202900,,,,9.254317383,39.24528302,0,0,30.98113208,11.54716981
35,c,2014,db,No,48.12712200720,-123.23263202900,,,,9.254317383,24.85714286,0,0,13.79591837,13.83673469
35,d,Before,db,No,48.12875895520,-123.23374199700,,,,10.51288286,43.72413793,0,0,22.34482759,22.34482759
35,d,2012,db,No,48.12875895520,-123.23374199700,,,,10.51288286,37.33333333,0,0,13.15555556,24.31111111
35,d,2013,db,No,48.12875895520,-123.23374199700,,,,10.51288286,24.03571429,0,0,9.928571429,14.60714286
35,d,2014,db,No,48.12875895520,-123.23374199700,,,,10.51288286,15.92156863,0,0,2.509803922,13.52941176
35,e,Before,db,No,48.13039589100,-123.23485203400,,,,11.63565517,46.75,0,0,12.6875,37.875
35,e,2012,db,No,48.13039589100,-123.23485203400,,,,11.63565517,26.86956522,0,0,3.347826087,24.34782609
35,e,2013,db,No,48.13039589100,-123.23485203400,,,,11.63565517,19.96296296,0,0,2.222222222,17.03703704
35,e,2014,db,No,48.13039589100,-123.23485203400,,,,11.63565517,18.04081633,0,0,0,18.04081633
35,f,Before,db,No,48.13203281450,-123.23596214000,,,,12.36457738,38.18181818,0,0,10.48484848,30.12121212
35,f,2012,db,No,48.13203281450,-123.23596214000,,,,12.36457738,33.06666667,0,0,2.311111111,32
35,f,2013,db,No,48.13203281450,-123.23596214000,,,,12.36457738,17.88461538,0,0,2.307692308,15.84615385
35,f,2014,db,No,48.13203281450,-123.23596214000,,,,12.36457738,13.43396226,0,0,0,13.43396226
35,g,Before,db,No,48.13366972590,-123.23707231500,,,,13.47918036,31.94444444,0,0,6.222222222,29.16666667
35,g,2012,db,No,48.13366972590,-123.23707231500,,,,13.47918036,27.36170213,0,0,2.042553191,25.40425532
35,g,2013,db,No,48.13366972590,-123.23707231500,,,,13.47918036,13.01818182,0,0,0.436363636,12.72727273
35,g,2014,db,No,48.13366972590,-123.23707231500,,,,13.47918036,11.875,0,0,0,11.875
35,h,Before,db,No,48.13530662500,-123.23818255800,,,,14.24304194,20.16216216,0,0,4.108108108,17.56756757
35,h,2012,db,No,48.13530662500,-123.23818255800,,,,14.24304194,24.44444444,0,0,3.022222222,22.8
35,h,2013,db,No,48.13530662500,-123.23818255800,,,,14.24304194,10.56,0,0,1.76,9.44
35,h,2014,db,No,48.13530662500,-123.23818255800,,,,14.24304194,12.56603774,0,0,0.150943396,12.56603774
35,i,Before,db,No,48.13694351200,-123.23929287000,,,,14.41973604,22.46153846,0,0,1.641025641,21.64102564
35,i,2012,db,No,48.13694351200,-123.23929287000,,,,14.41973604,19.11627907,0,0.372093023,0.372093023,19.11627907
35,i,2013,db,No,48.13694351200,-123.23929287000,,,,14.41973604,18.84615385,0,0,0.153846154,18.34615385
35,i,2014,db,No,48.13694351200,-123.23929287000,,,,14.41973604,17.51020408,0,0,0,17.51020408
35,j,Before,db,No,48.13858038670,-123.24040325200,,,,14.94240448,34.81081081,0,0,2.594594595,33.24324324
35,j,2012,db,No,48.13858038670,-123.24040325200,,,,14.94240448,39.82222222,0,0,1.066666667,39.82222222
35,j,2013,db,No,48.13858038670,-123.24040325200,,,,14.94240448,23.42857143,0,0,0.142857143,23.42857143
35,j,2014,db,No,48.13858038670,-123.24040325200,,,,14.94240448,25.78723404,0,0,0,25.78723404
35,k,Before,db,No,48.14006026710,-123.24141482100,,,,15.71525078,43.11764706,0,0,3.529411765,39.29411765
35,k,2012,db,No,48.14006026710,-123.24141482100,,,,15.71525078,38.75675676,0,0,2.594594595,38.05405405
35,k,2013,db,No,48.14006026710,-123.24141482100,,,,15.71525078,16,0,0,0,16
35,k,2014,db,No,48.14006026710,-123.24141482100,,,,15.71525078,17.19148936,0,0,0,17.19148936
