Site,Year,Site_group,Latitude,Longitude,Initial_depth,Percent_bedrock,Percent_boulder,Percent_cobble,Percent_gravel,Percent_sand,Initial_percent_sand,Substrate_change,Reflectance,Initial_reflectance,Reflectance_change,Algal_cover,Initial_algal_cover,Algal_cover_change,Density_Agarum_fimbriatum,Density_Alaria_marginata,Density_Costaria_costata,Density_Cymathere_triplicata,Density_Desmarestia_bushy,Density_Desmarestia_flat,Density_Laminaria_ephemera,Density_Laminaria_setchelli,Density_Nereocystis_luetkeana,Density_Pleurophycus_gardneri,Density_Pterygophora_californica,Density_Saccharina_sp,Density_Brown_algae,Richness_Brown_algae,P/A_index_Red_algae_branch,P/A_index_Red_algae_bushy,P/A_index_Red_algae_lacy,P/A_index_Red_algae_leaf,P/A_index_Red_algae_mean,Primary_cover_Articulated_coralline_algae,Primary_cover_Crustose_coraline_algae,Primary_cover_Encrusing_red_algae,Primary_cover_Fleshy_red_algae,Primary_cover_Live_Kelp_Holdfast,Primary_cover_Red_algal_turf,Primary_cover_Algae_total,Secondary_cover_Drift_algae,Secondary_cover_Brown_algae,Secondary_cover_Green_algae,Secondary_cover_Red_algae,Secondary_cover_Algal_combination,Secondary_cover_Algae_total,Density_Anemone_Epiactis_sp,Density_Anemone_Halcampa_sp,Density_Anemone_other,Density_Anemone_Stomphia_sp,Density_Anemone_Urticina_columbiana,Density_Anemone_Urticina_coriacea,Density_Anemone_Urticina_lofotensis,Density_Anemone_Urticina_piscivora,Density_Barnacle_Balanus_nubilus,Density_Bivalve_Chlamys_sp,Density_Bivalve_Clinocardium_nuttallii,Density_Bivalve_Crassedoma_giganteum,Density_Bivalve_Humilaria_kennerleyi,Density_Bivalve_Mya_truncata,Density_Bivalve_Other,Density_Bivalve_Panomya_ampla,Density_Bivalve_Panopea_generosa,Density_Bivalve_Saxidomus_gigantea,Density_Bivalve_Tresus_capax,Density_Bivalve_Zirphaea_pilsbryi,Density_Brachiopoda_sp,Density_Chiton_Cryptochiton_stelleri,Density_Chiton_Lepidozona_sp,Density_Chiton_Mopalia_sp,Density_Chiton_Tonicella_sp,Density_Crab_Cancer_gracilis,Density_Crab_Metacarcinus_magister,Density_Crab_Metacarcinus_magister_juvenile,Density_Crab_Cancer_oregonensis,Density_Crab_Cancer_productus,Density_Crab_Hermit_Elassochirus_tenuimanus,Density_Crab_Hermit_Other,Density_Crab_Hermit_Pagurus_armatus,Density_Crab_Hermit_Pagurus_beringanus,Density_Crab_Hermit_Pagurus_kennerlyi,Density_Crab_Hermit_Sponge,Density_Crab_Lithodidae_sp,Density_Crab_Oregonia_gracilis,Density_Crab_Other,Density_Crab_Pugettia_gracilis,Density_Crab_Pugettia_producta,Density_Crab_Spider_Crab_Other,Density_Crab_Telmessus_cheiragonus,Density_Jelly_Stalked_Haliclystus_sp,Density_Limpet_Acmaea_mitra,Density_Limpet_Diadora_aspera,Density_Limpet_Lottia_instabilis,Density_Limpet_Other,Density_Nudibranch_Aeolidida_sp,Density_Nudibranch_Dendronotus_sp,Density_Nudibranch_Dirona_albolineata,Density_Nudibranch_Doridacea_sp,Density_Nudibranch_Other,Density_Nudibranch_Triopha_catalinae,Density_Octopus_Enteroctopus_dofleini,Density_Octopus_Octopus_rubescens,Density_Ribbon_worm_Tubulanus_polymorphus,Density_Sea_Cucumber_Cucumaria_miniata,Density_Sea_Cucumber_Other,Density_Sea_Cucumber_Parastichopus_californicus,Density_Sea_Pen_Ptilosarcus_gurneyi,Density_Shrimp_Crangon_sp,Density_Shrimp_Heptacarpus_sp,Density_Shrimp_Other,Density_Shrimp_Pandalus_sp,Density_Snail_Amphissa_sp,Density_Snail_Calliostoma_sp,Density_Snail_Ceratostoma_foliatum,Density_Snail_Euspira_lewisii,Density_Snail_Euspira_lewisii_Egg_Casing,Density_Snail_Fusitriton_oregonensis,Density_Snail_Other,Density_Sponge_Solitary_sp,Density_Star_Dermasterias_imbricata,Density_Star_Evasterias_troschelii,Density_Star_Henricia_sp,Density_Star_Luida_foliolata,Density_Star_Mediaster_aequalis,Density_Star_Orthasterias_koehleri,Density_Star_Other,Density_Star_Pisaster_brevispinus,Density_Star_Pteraster_tesselatus,Density_Star_Pycnopodia_helianthoides,Density_Star_Solaster_sp,Density_Tube_worm_Bispira_sp,Density_Tube_worm_Chone_aurantiaca,Density_Tube_worm_Diopatra_ornata,Density_Tube_worm_Eudystylia_polymorpha,Density_Tube_worm_Eudystylia_vancouveri,Density_Tube_worm_Myxicola_sp,Density_Tube_worm_orange_unknown,Density_Tube_worm_Other,Density_Tube_worm_Pista_sp,Density_Tube_worm_Schizobranchia_sp,Density_Tube_worm_spagetti_worm,Density_Tunicate_Solitary_Other,Density_Tunicate_Solitary_Styela_montereyensis,Density_Urchin_Strongylocentrotus_droebachiensis,Density_Urchin_Strongylocentrotus_franciscanus,Density_Invertebrates,Richness_Invertebrates,Primary_cover_Barnacles,Primary_cover_Bivalves,Primary_cover_Byrozoans,Primary_cover_Chitons/limpets,Primary_cover_Cnidarians,Primary_cover_Echinoderm,Primary_cover_Hydroids,Primary_cover_Sponges,Primary_cover_Tubeworms,Primary_cover_Tunicates,Primary_cover_Invertebrates_total,Density_Blackeye_goby,Density_Fish_other,Density_Flatfish_other,Density_Flatfish_starry_flounder,Density_Greenling_sp,Density_Gunnel_sp,Density_Herring,Density_Lingcod,Density_Pacific_cod,Density_Perch_sp,Density_Poacher_sp,Density_Prickleback_mosshead_warbonnet,Density_Prickleback_other,Density_Ratfish,Density_Rockfish_black,Density_Rockfish_copper,Density_Rockfish_juvenile,Density_Rockfish_other,Density_Sandlance,Density_Sculpin_buffalo,Density_Sculpin_great,Density_Sculpin_longfin,Density_Sculpin_manacled,Density_Sculpin_other,Density_Sculpin_red_Irish_lord,Density_Sculpin_scalyhead,Density_Sculpin_silverspot,Density_Spiny_dogfish,Density_fish,Richness_fish
A1,Before,West,48.13870775,-123.5858671,8.40486,0,0,0,0.416666667,99.58333333,99.58333333,No,0.0259399,0.0259399,0,17.5,17.5,0,0,0,0.5,0.5,1,9,0,0,0.5,0,1.5,13,26,5,0.666666667,0.333333333,0,1,0.5,0,0,0,7.291666667,0,1.25,8.541666667,2.083333333,10.83333333,0,3.75,0.833333333,17.5,0,10.375,0,0,0,1,0,0,0,0,0.375,0,0,0,0,0,0,15.875,0,0,0,1,0,0,0.25,0,0,0,0,0,0,0.375,0.25,0.375,0.5,0,0,0.25,0,0,0,0,0,0,0.25,0,0,0,0,0,0,0,0,0,0,0,0,0.625,0,0,0,0,0.25,0,0,0,0,0,0,0,0.375,0,0,0,0,0,0,0,0,0,0,0,0,0,0,0,3.375,1.25,9.125,1,0,140.4201128,0,2.25,0,0,0,0,0,189.5451128,14.5,0,0,0,0,0,0,0,0,2.083333333,0,2.083333333,0,0,1.5,0,0.5,0.25,25,0.125,0.125,0,0,0,0,0.125,0,0,0,0,0,0,0,0,0,0,0,0,0,0.125,27.75,5
A1,2012,West,48.13870775,-123.5858671,8.40486,0,0,0.833333333,0,99.16666667,99.58333333,No,0.051603,0.0259399,0.0256631,6.666666667,17.5,-10.83333333,0,0,0,0,0,8,0,0,0,0,9.5,4,21.5,3,0.333333333,0.416666667,0,0.166666667,0.229166667,0,0,0,0.833333333,0.833333333,0,1.666666667,0,5,0,1.666666667,0,6.666666667,0,2,0,0,0,0,0,0,0,0,2,0,0,0,0,0,0,0,0,0,0,0,0,0,0,0,0,0,0,0.5,0,0.5,1,0,0.5,0,0,0,0,0,0,0,0,0,0.5,0,0.5,0,0,0,0,0,0,0,0,0,0,0.5,0,0,0,1,0,0,3.5,0,0,0,0,0,1,0,0,0,0,0,0,0,0,0,0,0,1.5,0,0,0,0.5,0,15,0,0,6.5,0,18.5,0,0,0,0,0,55.5,17,0,0,0,0,1.666666667,0,0,0,5,0,6.666666667,0,0,1.75,0,0.25,0,0,0.25,0,0,0,0,0.5,0,0,0,0,0,0,0,0,0,0,0,0,0,0,0,2.75,4
A1,2013,West,48.13870775,-123.5858671,8.40486,0,0,0,3.389830508,96.61016949,99.58333333,No,0.0538589,0.0259399,0.027919,4.18079096,17.5,-13.31920904,0,0,0,0,1,0,0,0,0,0,1.5,0,2.5,2,0.083333333,0,0,0,0.020833333,0,0,0,1.694915254,0,0,1.694915254,0,2.5,0,0,1.68079096,4.18079096,0,0.5,0,0,0,1,0,0,0,0,0.5,0,0,0,0,0,0,0,0,0,0,0.5,0,0,0,1,0,0,0,0,0.5,0.5,0.5,0,0,0,0,0,0,0,0,0,0,0,0,0,0,0,0,0,0,0,0,0,0,0,0,0,0,0,0,0,0,0,0,0,0,0,0,0,1.5,0,0,0,0,0.5,0,0,0,0,0,0,1,0,0,0,9,2,37,0,0.5,0,0,18,0,0,0,0,0,74.5,16,0,0,0,0,0,0,0,0,5.070621469,0,5.070621469,0,0,1,0.25,0,0,25,0,0,0,0,0,0,0.5,0,0,0,0,0,0,0,0,0,0,0,0,0,0,26.75,4
A1,2014,West,48.13870775,-123.5858671,8.40486,0,0,0.833333333,0,99.16666667,99.58333333,No,0.0505596,0.0259399,0.0246197,1.666666667,17.5,-15.83333333,0,0,0,0,0,0,0,0,0,0,3.5,0,3.5,1,0,0,0,0,0,0,0,0,1.666666667,0.833333333,0,2.5,0.833333333,0.833333333,0,0,0,1.666666667,0,3.5,0,0,0,0,0,0,0,0,0.5,0,0,0,0,0,0,8.5,0,0,0,0.5,0,0,1,15.5,0,0,0,0,0,0,0.5,0,0,0,0,0,0,0,0,0,0,0,0,0,0,0,0,0,0.5,0,0,0,0,0,0,0,0,0,0,0,0,0,0,0,0,0,0,0,0,0,0,0,0,1,0,0,0,0,0,0,0,0,0,0,27.5,13.5,35,0,0,0,0,57,0.5,0,0.5,0,0,165.5,15,0,0,0,0,0,0,0.833333333,0,10,0,10.83333333,0,0,0.75,0.5,0,0,0,0,0,0,0,0,0,0,0,0,0,0,0,0.5,0,0,0,0.75,0,0,0,0,2.5,4
A2,Before,West,48.14130295,-123.5879972,12.90066,0,1.25,0.416666667,9.583333333,88.75,88.75,No,0.017257,0.017257,0,32.08333333,32.08333333,0,7.25,0,2.5,0,1,50,0,1,0.5,0,0,28,95,5.5,0.083333333,0.083333333,0.666666667,0.166666667,0.25,0,0.833333333,4.583333333,33.75,0.416666667,0.833333333,40.41666667,1.666666667,23.33333333,0,4.583333333,2.5,32.08333333,0,2,0.25,0,0.25,0.75,0,0,0,0.25,0,0,0,12.75,2,0,1,0,0,0,0,0.75,0,0,1.125,0,0,0,0.375,0,1.125,1.375,0.75,0,0.25,0.75,0,0.25,0.375,0.375,0,0.5,0,0,0.375,0,0,0,0.25,0,0,0,0,0.25,0,0,0,0,0,0.375,0,0,0,0,1.5,0.25,0,0,0,0,3.875,1,0,0,0,0.25,0.375,0,0,0.25,0,0,3.125,0.25,1,12.125,1,0.375,0.5,1.25,0,162.0966224,0,72.21428571,0.25,0,0,0,0,290.1859081,27.5,0,0,0.416666667,0,0,0,0,0,2.083333333,0,2.5,0,0,0.375,0,0.5,1.125,12.5,0.125,0,0,0,0,0,0.5,0,0,0,0,0,0.25,0,0,0,0.25,0.125,0,0,0,15.75,6.5
A2,2012,West,48.14130295,-123.5879972,12.90066,0,4.166666667,0,5.833333333,90,88.75,No,0.0207575,0.017257,0.0035005,7.5,32.08333333,-24.58333333,11,0,0,0,0.5,1,0,0,0,0,0,8,20.5,4,0,0,0.333333333,0,0.083333333,0.833333333,2.5,2.5,16.66666667,0,0,22.5,0,3.333333333,0,4.166666667,0,7.5,1,4,0,0,0.5,1.5,0,0,0,0,0.5,0,0,7,3,0,6.5,0,0,0,0,0.5,0,0,2,0,0,0,0,0,0,4.5,1.5,0,0.5,0,0,0.5,0,0,0,0,0,0,0.5,0,0,0,0,0,0,0,0,0,0,0,0,0,0,1,0,0,0,0,24,0,0,0,0,0,0.5,1.5,0,0,0,1.5,0,0,0,0,0,0.5,2,0,0,14,0,0,13,4.5,2,4,0,236.3676471,0.5,0.5,0.5,0,0,340.3676471,31,0,0,0,0,0,0,0,0,0.833333333,0,0.833333333,0,0,1.5,0,0,0.25,0,0.5,0,0,0.25,0,0,0.25,0,0,0,0,0,0,0,0,0,0.75,0,0,0,0,3.5,6
A2,2013,West,48.14130295,-123.5879972,12.90066,0,2.586206897,0.862068966,2.557471264,93.99425287,88.75,No,0.0391305,0.017257,0.0218735,0,32.08333333,-32.08333333,4.5,0,0,0,0,0,0,0,0,0,0,0,4.5,1,0,0,0,0,0,0,2.542372881,1.694915254,0,0,0,4.237288136,0,0,0,0,0,0,0.5,0,0.5,0,1,0.5,0,0,0,0,0,0,0,128.362069,2,0.5,24,0,0,0,0,1.5,0,0,1.5,0,0,0,0,0,0,6.5,3,0.5,1,0,0,0,0,0,0,0,0,0,1,0,0,0,0,0,0,0,0,0,0,0,0,0,0,0.5,0,0.5,0,0,0,0,0,0,0,0,8,0.5,0,0,0,0,0,0,0,0,0,0,1,0,0,5,0,5,12,1.5,0,1.5,0,301.0181704,0,0.5,0,0,0,509.3802394,27,0,0,0,0,0,0,3.333333333,0,4.209039548,0,7.542372881,0,0,1,0,0,0.25,0,0,0,0,0,0,0,0.75,0,0,0,0,0,0,0,0,0,0,0,0,0,0,2,3
A2,2014,West,48.14130295,-123.5879972,12.90066,0,0,0,0,100,88.75,No,0.0316081,0.017257,0.0143511,0,32.08333333,-32.08333333,0,0,0,0,0,0,0,0,0.5,0,0,0,0.5,1,0,0,0,0,0,0,0,0,1.653005464,0,0,1.653005464,0,0,0,0,0,0,0,0.5,0,0,0.5,1,0,0,0,0,0,0,0,103.7900362,0.5,0,26.5,10,0.5,0,0,1.5,0,0,0,0,0,0,0,0,0,3,2,0,1,0,0,0,0,0,0,1,0,0,0,0,0,0,0.5,0,0.5,0,0,0,0,0,0,0,0,0,0,1,0,0,0,0,0,1,0,0,6,0,0,0,0,0,0,0,0,0,0,0,0,0.5,0,7,0,47,85,1.5,0.5,0,0,189.4355644,0,0,0,0,0,491.7256007,25,0,0,0,0,0,0,0.819672131,0,14.04371585,0,14.86338798,0,0.25,1.75,0,0,0,0,0.25,0,0,0.5,0,0,0,0,0,0,0,0,0,0,0,0,0.25,0,0,0,0,3,5
C1,Before,Mouth,48.14525225,-123.573277,9.43356,0,0,0,0,100,100,No,0.0113664,0.0113664,0,52.5,52.5,0,0.5,2,1,2,5.5,42,0,0,1.5,2,1.5,53.5,111.5,10,0.416666667,0.75,0.333333333,0.833333333,0.583333333,0,0,0.961538462,1.923076923,0,0,2.884615385,0,8.333333333,0.833333333,42.5,0.833333333,52.5,0,0,0,0,0,0,0,0,0,0,0.5,0,0,0,0.5,0,0,0,0,0,0,0,0,0,0,0,0,0,0,0,0,0.5,0,0,0,0,0,0,0,0,0,0,0,0,0,0,0,0,0,0,0,0,0,0,0,0,0,0,0,0,1.5,0.5,0,0,0,0,0,0,0,0,0,0,0,0,0,0,0,0,0,0,0,0,0,0,0,0,0,0,1,0,0,0,0,8,0,0,0,0,0,12.5,7,0,0,0,0,0,0,0,0,0.980392157,0,0.980392157,0,0,2.75,0,0,0,0,0,0,0,0.75,0,0,0.25,0,0,0,0,0,0.25,0,0,0,0.5,0,0,0,0,4.5,5
C1,2012,Mouth,48.14525225,-123.573277,9.43356,0,0,0,2.5,97.5,100,No,0.0162015,0.0113664,0.0048351,2.5,52.5,-50,0,0,0,0,0,0,0,0,0,0,0,0,0,0,0.166666667,0.416666667,0.083333333,0.166666667,0.208333333,0,0,0,0.833333333,0,0,0.833333333,0,0,0,2.5,0,2.5,1,0,0.5,0,0,0,0,0,0,0,0,0,0,0,0,0,0.5,0,0,0,0,0,0,0,0,0,0,0,0,0,0,2.5,0,0.5,0,0,0,0,0,0,0,0.5,0,0,0,0,0,0,0,0,0,0,0,0,0,0,0,0,0,0,0.5,1,0.5,0,0,0,0,0,0,1,0,1.5,0,0,0,0.5,0,0,0,0,0,0,0,0,0,0,7.5,0,9.5,0,0,0,0,8,0,0,0,0,0,35.5,15,0,0,0,0,0,0,0,0,5,0,5,0,0,4.75,0,0,0,0,0,0,0,1.25,0,0,0,0,0,0,0,0.25,0,0,0,0,1,0,0,0,0,7.25,4
C1,2013,Mouth,48.14525225,-123.573277,9.43356,0,0,0,0,100,100,Yes,0.038448,0.0113664,0.0270816,0,52.5,-52.5,0,0,0,0,0,0,0,0,0,0,0,0,0,0,0,0,0,0,0,0,0,0,0,0,0,0,0,0,0,0,0,0,0,0,0,0,0,0,0,0,0,0,0,0,0,0,0,0,1,0,0,0,0,0,0,0,0,0,0,0,0,0,0,0,0,0,0,0,0,0,0,0,0,0,0,0,0,0,0,0,0,0,0,0,0,0,0,0,0,0,0,0,0,0,0,0,0,0,0,0,0,0,0,0,0,0,0,1,0,0,0,0,0,0,0,0,0,0,14.5,0,0,0.5,0,0,0.5,0,0,0,0,0,0,17.5,5,0,0,0,0,0,0,0,0,0,0,0,0,0,0.25,0,0,0,0,0,0,0,0,0,0,0,0,0,0,0,0,0,0,0,0,0.25,0,0,0,0,0.5,2
C1,2014,Mouth,48.14525225,-123.573277,9.43356,0,0,0,0,100,100,Yes,0.0245907,0.0113664,0.0132243,0,52.5,-52.5,0,0,0,0,0,0,0,0,0,0,0,0,0,0,0,0,0,0,0,0,0,0,0,0,0,0,0,0,0,0,0,0,0,0,0,0,0,0,0,0,0,0,3,0,0,0,0,0,0.5,0,0,0,0,0,0,0,0,0.5,0,0,0,0,0,0,0,0,0,0,0,0,0,0,0,0,0,0,0,0,0,0,0,0,0,0,0,0,0,0,0,0,0,0,0,0,0,0,0,0,0,0,0,0,0,0,0,0,0,0,0,0,0,0,0,0,0,0,0,0,26.5,0,0,0,0,0,3.5,1.5,0,0,0,0,0,35.5,6,0,0,0,0,0,0,0,0,0.833333333,0.833333333,1.666666667,0,0,2.75,0,0,0,0,0,0,0,0,0,0,0,0,0,0,0,0,0,0,0,0,0,0,0,0,0,2.75,1
C2,Before,Mouth,48.147841,-123.5762967,16.58112,0,0,0.833333333,13.23770492,85.92896175,85.92896175,No,0.043393,0.043393,0,70.24590164,70.24590164,0,3,0,6,0.5,1,34.5,0,6,6.5,0,0,15,72.5,8,0.916666667,0.333333333,0.333333333,1,0.645833333,0,0.833333333,3.306451613,22.04301075,1.612903226,4.139784946,31.93548387,0,13.29234973,0,45.35519126,11.59836066,70.24590164,0,2.5,0,0,1,0,0,0,0,0,0,0,0,0,0,0,0,0,0,0,0,0,0,0,0,0,0,0,0,1,0,0,2,0,0,0,0,0,0,0,0,0,0,0,0,0,0,0,0,0,0,0,0,0,0,0,0,0,0,2,0,0.5,0,0.5,18,0,0,0,0,0.5,0,1.5,0,0,0.5,0.5,0,0,0,0,0,0,0,0,0.5,20.5,0,0.5,17,24,0,0,0,225,0,0,0,0.5,0,318.5,19,0,0,0,0,0,0,0,0,6.586021505,0,6.586021505,0,0,1.75,0,0,0.25,25,0,0.5,0,0,0,0,2.25,0,0,0,0,0,1.25,0,0,0,0.5,0,0.25,0,0.25,32,9
C2,2012,Mouth,48.147841,-123.5762967,16.58112,0,0,0,1.666666667,98.33333333,85.92896175,No,0.0517658,0.043393,0.0083728,2.5,70.24590164,-67.74590164,1.5,0,0,0,3,4.5,0,0,0,0,0,0,9,3,0,0,0,0,0,0,0,0,0,0,0,0,0,1.666666667,0,0.833333333,0,2.5,0,0,0,0,0,0.5,0,0,0,0,0,0,0,2,0.5,0,0.5,0,0,0,0,0,0,0,0,0,0,0,0,0.5,0,2.5,0,0,0,0,0,0.5,0,0,0,0,0,0,0,0,0,0,1.5,0,0.5,0,0,0,0,0.5,0,0,0,1,0,1.5,0,0,1,0,0,0,1.5,0,0.5,0,0,0,0,1,0,0,0.5,0,0,0,1,0,0,13.5,0,0,12.5,26.5,0,0,0,819.1502125,0,0,0,0,0,889.1502125,22,0,0,0,0,0,0,0,0,5,0,5,0,0,2,0,0,0,0,0,0,0,0,0,0,0,0,0,0,0,0,0,0,0,0,0,0,0,0,0,2,1
C2,2013,Mouth,48.147841,-123.5762967,16.58112,0,0,0,0,100,85.92896175,Yes,0.0513082,0.043393,0.0079152,0,70.24590164,-70.24590164,0,0,0,0,0,0,0,0,0,0,0,0,0,0,0,0,0,0,0,0,0,0,0,0,0,0,0,0,0,0,0,0,0,0,0,0,0,0.5,0,0,0,0,0,0,0,1.5,0,5.5,12,0,0.5,0,0,0,0,0,0,0,0,0,0,0,0,1,0,0,0,0,0,0,0,0,0,0,0,0,0,0,0,0,0,0,0,0,0,0,0,0,0,0,0,0,0,0,0,0,0,0,0,0,0,0,0,0,0,0,0,0,0,0,0,0,0,0,0,0,0,0,5.5,1,11.5,4.5,0,0,0,139.9117647,0,0,0,0,0,183.4117647,11,0,0.833333333,0,0,0,0,0,0,0,0,0.833333333,0,0,0.5,0,0,0,0,0,0,0,0,0,0,0,0,0,0,0,0,0,0,0,0,0,0,0,0,0,0.5,1
C2,2014,Mouth,48.147841,-123.5762967,16.58112,0,0,0,0,100,85.92896175,Yes,0.048589,0.043393,0.005196,0,70.24590164,-70.24590164,0,0,0,0,0,0,0,0,0,0,0,0,0,0,0,0,0,0,0,0,0,0,0,0,0,0,0,0,0,0,0,0,0,0,0,0,0,0,0,0,0,0,0,0,0,8.5,0,0,22,1,3,0,0,0,0,0,0,0,0,0,0,0.5,0,5,0,0,0,0,0,0,0,0,0,0,0,0,0,0,0,0,0,0.5,0,0,0,0,0,0,0,0,0,0,0,0,0,0,0,0,0,0,0,0.5,0,0,0,0,0,0,0,0,0,0,0,0,0,0,0,0,5.5,0.5,18,0,0,0,0,61.04054054,0,0,0,0,0,126.0405405,12,0,0,0,0,0,0,0,0,2.5,0,2.5,0,0.25,1.25,0,0,0,0,0,0,0,0.25,0,0,0,0,0,0,0,0,0,0,0,0,0.25,0,0,0,0,2,4
D1,Before,Mouth,48.15115998,-123.56768,10.00506,0,0.833333333,0.833333333,65,33.33333333,33.33333333,No,0.0131064,0.0131064,0,61.66666667,61.66666667,0,0,6,2,20,2,19,0,2,2,0,72,13,138,9,0.666666667,1,0,0.5,0.541666667,0,2.5,25,5.833333333,3.333333333,0.833333333,37.5,0.833333333,39.16666667,0.833333333,10,10.83333333,61.66666667,0,2.5,0.5,0,0,0,0,0,0,0,0,0,0,1,0,0,0,0.5,0,0,0,0,0,0.5,0.5,0,0,0,0,0,0,0,0,0,0,0,0,0,0,3,0,0,0,0,0,0,0,0,0,0,0,0,0,0,0,0,0,0,0,0,0,0,0,0,0,0,0,0,0,0,0,5,0,0,0,0.5,0,0,0,0,0,0,1.5,0,0,8,0,1,0,0.5,0,0.5,0.5,0,0.5,0,0,0,0,26.5,16,0,0,1.666666667,0,0,0,0,0,0.833333333,0,2.5,0,0,0,0,0.25,1,0,0,0,0,0,0,0,2,0,0,0,0,0,0.25,0,0,0,0.5,0,0,0,0,4,5
D1,2012,Mouth,48.15115998,-123.56768,10.00506,0,1.785714286,5.357142857,67.32142857,25.53571429,33.33333333,No,0.036088,0.0131064,0.0229816,3.571428571,61.66666667,-58.0952381,0,0,0,0,0,0.5,0,0,0,0,43,0,43.5,2,0.083333333,0.166666667,0,0.083333333,0.083333333,0,0,14.22619048,8.69047619,0.892857143,0.833333333,24.64285714,0,2.678571429,0,0.892857143,0,3.571428571,0,0.5,0,0,0.5,0,0,0,0,0,0,0,0,0.5,0,0,0,0,0,0,0,0.5,0,0,0,0,0,0,0,0,0,0,0,0.5,0,0,0,1,0,0.5,0,0,0,0,0,0,0,0,0,0,0,0,0,0,0,0,0,0,0,0,0,0,0,0,0,0,0,0,0,0,0,0.5,0,0,0,1.5,0,0,0,0,0,0,0.5,0,0,2.5,0,0,0.5,0,0,11.5,0,0,0,0,0,0,0,21,13,0,0,1.666666667,0,0,0,7.976190476,0,0,0,9.642857143,0,0.25,0,0.25,0,0.75,0,0,0,0,0,0,0,0.75,0,0,0,0,0,3.5,0,0,0,0.25,0,0,0,1,6.75,7
D1,2013,Mouth,48.15115998,-123.56768,10.00506,0,0,0,33.75,66.25,33.33333333,Yes,0.0532928,0.0131064,0.0401864,0,61.66666667,-61.66666667,0,0,0,0,0,0,0,0,0,0,0,0,0,0,0,0,0,0,0,0,0,0,0,0,0,0,0,0,0,0,0,0,0,0,0,0,0,0,0,0,0,0,0,0,0,0,0,0,0,0,0,0,0,0,0,0,0,0,0,0,0,0,0,0,0,0,0,0,0,0,0,0,0,0,0,0,0,0,0,0,0,0,0,0,0,0,0,0,0,0,0,0,0,0,0,0,0,0,0,0,0,0,0,0,0,0,0,0,0,0,0,0,0,0,0,0,0,0,0,0,0,0,0,0,0,0,0,0,0,0,0,0,0,0,0,0,0,0,0,0,0,0,0,0,0,0,0.5,0,0,0,0,0,0,0,0.25,0,0,0.25,0,0,0,0,50,0,0,0,0,0,0,0,0,0,51,4
D2,Before,Mouth,48.15233001,-123.56863,12.36472,0,16.66666667,5.070621469,67.35875706,10.9039548,10.9039548,No,0.0167862,0.0167862,0,69.81638418,69.81638418,0,0,0,35,0,31,61,0,1,5,0,19,12,164,7,0.666666667,0,0,0.5,0.291666667,0,5.918079096,22.71186441,12.57062147,1.68079096,8.43220339,51.31355932,0,55.50847458,0,7.528248588,6.779661017,69.81638418,0,0.5,0,0,0.5,0.5,0,0,0,0,0,0.5,0,0,2.5,0,0,0,0,0,0,0,0,0.5,3,0,0,0,0,0,0,0.5,0,0,0,0,0,0,0,0,0,0.5,0,0,0,0,0,0,0,0,0,1,0,0,0,0,0,0,0,0.5,0,0.5,0,0,0,0,1,0,0,0,0,0.5,0,0,0,1.5,0,0,0,0,0,0,0.5,0,0,0.5,0,0,0,1,0,0.5,0,0,0,0,0,0,0,16.5,19,0,0,6.723163842,0.847457627,0,0,0,0,0,0,7.570621469,0,0,0,0,1,0,25,0,0,0,0,0,0,0.75,0,0,0,0,0,1.25,0,0,0,1.5,0.25,0.5,0,0,30.25,7
D2,2012,Mouth,48.15233001,-123.56863,12.36472,0,0,13.33333333,75,11.66666667,10.9039548,No,0.05427,0.0167862,0.0374838,0,69.81638418,-69.81638418,0,0,0,0,0,0,0,0,0,0,18,0,18,1,0.333333333,0.083333333,0,0.333333333,0.1875,0,3.292349727,11.65300546,4.945355191,1.639344262,1.653005464,23.18306011,0,0,0,0,0,0,0,1,0.5,0,0.5,1.5,0,0,0,0,0,0,0,0.5,0,0,0,0,0,0,0,2.5,0,0,0.5,0,0,0,0,0,0,0,0,0,0,0,0,0,0,0.5,0,0.5,0,0,0,0,0,0,0,0,0,0,0,0,0.5,0,0,0,0,0,0,0.5,0,0,0,0,0,0,0,0,0,0,0,0,0,0.5,0,0.5,0.5,0,0,0,0.5,0.5,0,94.69086313,0,0,0.5,8.5,0,1.5,0,0,0,0,0,0,0,116.6908631,20,0,0,9.166666667,0,0,0,1.639344262,0,0.819672131,0,11.62568306,0,0,0.5,0,0,0,0,0,0,0,0,0,0,0.25,0,0,0,0,0,1.75,0,0,0,1.5,0,0.5,0,0.25,4.75,6
D2,2013,Mouth,48.15233001,-123.56863,12.36472,0,0,2.5,90,7.5,10.9039548,No,0.0539012,0.0167862,0.037115,0,69.81638418,-69.81638418,0,0,0,0,0,0,0,0,0,0,3,0,3,1,0,0,0,0,0,0,0.833333333,10.83333333,0,0,0,11.66666667,0,0,0,0,0,0,0,0.5,0,0,0.5,0.5,0,0,0,0,0,0,0,98.6302521,6.5,0,2,1,0,0,0,1,0,0,0,0,0,0,0,0,0,0,0,0,0,0,0,0,0,0,0,0.5,0,0,0,0,0,0,0,2,0,0,0,0,0,0,0,0,0,1,0,0,0,0,2.5,0,0,0,0,0,0.5,0,0,0,0,3.5,0,0,0.5,0,0,0,1.5,0,0,6.5,0,0,0,2.5,0,10,0,1,0,0,0,0,0,142.6302521,20,1.666666667,0,8.333333333,0,0,0,20,0,0,0,30,0,0,0.25,1.25,0,0,0,0.5,0,0,0,0,0,0,0,0,0,0,50,0.25,0,0,0,0,0,0,0,0,52.25,5
D2,2014,Mouth,48.15233001,-123.56863,12.36472,0,0,3.333333333,85,11.66666667,10.9039548,No,0.046219,0.0167862,0.0294328,0,69.81638418,-69.81638418,0,0,0,0,0,0,0,0,0,0,0,0,0,0,0,0,0,0,0,0,0.833333333,1.666666667,5.042372881,0,1.666666667,9.209039548,0,0,0,0,0,0,0,5.5,0,0,0.5,0.5,0,0,0,0,0,0,0,0.5,0,0,0,0,0,0,0,0,0,0,0,0.5,0,0,0,0,2,0,0,0,0,0,0,0.5,0,0,0,0.5,0,0,0,0,0,0,0,1,0,1,0,0,0,0,0,0,0,0,0,0,0,0,0,0,0,0,0.5,0,0,0,0,0,0,4.5,0,0,0,0,0,0,0,0,0,1.5,0,1.5,0,2,0,1.5,0,0.5,0,0,0,0,0,24.5,17,1.68079096,0,5.833333333,0,0,0,3.347457627,0,0,0,10.86158192,0,0,0,0,0,0.25,0,0,0,0,0,0,0,0,0,0,0,0,0,1,0,0,0,0.5,0,0,0,0,1.75,3
E1,Before,Mouth,48.15257,-123.55704,6.29412,0,1.388888889,11.38888889,69.16666667,18.05555556,18.05555556,No,0.0148329,0.0148329,0,65.83333333,65.83333333,0,0,28.66666667,0.333333333,72.04329004,10,0.333333333,0,0.583333333,0,0,55.02380952,1.666666667,177.4376623,6.333333333,0.25,0.916666667,0,0.833333333,0.5,0,2.199453552,23.73861566,2.764116576,1.384335155,1.388888889,31.47540984,0,37.77777778,0,16.38888889,11.66666667,65.83333333,0.5,17.66666667,0,0,0.333333333,0,0,0,0,0,0,0,0,0.333333333,0,0,0,1.166666667,0.166666667,0,0,0,0,0,0,0,0,0,0,0.833333333,0,0,0,0,0,0,0,0,0.166666667,0.333333333,0,0.166666667,0,1.333333333,0.166666667,0,0,0,0,0,0.333333333,0,0,0,0,0,0,0,0,0,0,0,0,0,0.333333333,0,0,0,0,0,0,0,0,0,0,0.166666667,0,0,0,0,0,0,0.166666667,0,0,1.166666667,1.833333333,0.166666667,0,0,0,0,0,0.166666667,9.333333333,0,0,0,0,36.83333333,10.33333333,0,0,1.106557377,0,0,0,0,0,0,0,1.106557377,0,0,0,0.083333333,0.75,0.416666667,12.5,0,0,0,0,0,0.166666667,0.166666667,0,0,0,0,0,0.083333333,0,0,0,0,0,0,0,0,14.16666667,3.333333333
E1,2012,Mouth,48.15257,-123.55704,6.29412,0,2.5,20,70.83333333,6.666666667,18.05555556,No,0.055905,0.0148329,0.0410721,1.666666667,65.83333333,-64.16666667,0,0,0,0,0,0.5,0,0,0,0,31,0,31.5,2,0,0.416666667,0,0.416666667,0.208333333,0,1.781210593,18.88398487,4.665825977,1.781210593,0,27.11223203,0,0.833333333,0,0.833333333,0,1.666666667,0.5,9,0,0,0,0.5,0,0,0,0,0,0,0,0,0,0,0,0,0,0,0,0,0,0,0,0,0,0,0,2,0,0,0,1,0,0,0,0,0,0,0,0,0,0,0,0,0,0,0,0,0,0,0,0,0,0,0,0,0,0,0,0,0,0,0,0,0,0,0,0,0,1,0,0,0,0,0,0,0,0,0,0,1.5,0,0,3,0,0,0,0,0,0.5,0,0,0.5,0,0.5,0,0,20,11,0,0,0,0,2.884615385,0,8.228247163,0.819672131,0,0,11.93253468,0,0,0,0,0,1,0,0,0,0,0,0,0,0.25,0,0,0,0,0,1,0,0,0,1.75,0,0,0,0,4,4
E1,2013,Mouth,48.15257,-123.55704,6.29412,0,1.666666667,0.833333333,0,97.5,18.05555556,Yes,0.0502176,0.0148329,0.0353847,0,65.83333333,-65.83333333,0,0,0,0,0,0,0,0,0,0,7,0,7,1,0,0,0,0.25,0.0625,0,0,0,0,0,0,0,0,0,0,0,0,0,0,13,3.5,0,0.5,0,0,0,0,0,0,0,0,0,1,0,0,0,0,0,0,0,0,0,0,0,0,1,0,0,0,0,0,0,0,0,0,0,0,0,0,0,0,0,0,0,0,0,0,0.5,0,0,0,0,0,0,0,0,0,0,0,0,0,0,0,0,0,0,0,0,0,0,0,0,0,0,0,0,0,0,0,0,0.5,0,0,1,0,0,0,0,0,0,0,2.5,0,0,0,0,0,23.5,9,0,0,0,0,0,0,2.5,0,0,0,2.5,0,0,0.5,0.5,0,0.25,0,0,0,0,0,0,0,0,0,0,0,0,0.5,0.5,0,0,0,1.25,0,0,0,0,3.5,6
E1,2014,Mouth,48.15257,-123.55704,6.29412,0,0,0,0,100,18.05555556,Yes,0.048275,0.0148329,0.0334421,0,65.83333333,-65.83333333,0,0,0,0,0,0,0,0,0,0,0,0,0,0,0,0,0,0,0,0,0,0,0,0,0,0,0,0,0,0,0,0,0,0,0,0,0,0,0,0,0,0,0,0,0,0,0,0,0,0,0,0,0,0,0,0,0,0,0,0,0,0,0,0,0,0,0,0,0,0,0,0,0,0,0,0,0,0,0,0,0,0,0,0,0,0,0,0,0,0,0,0,0,0,0,0,0,0,0,0,0,0,0,0,0,0,0,0,0,0,0,0,0,0,0,0,0,0,0,0,0,0,0,0,0,0,0,0,0,0,0,0,0,0,0,0,0,0,0,0,0,0,0,0,0,0,2.25,0.75,0,0,0,0,0,0,0,0,0,0,0,0,0,0,123.75,0,0,0,0,0,0,0,0,0,126.75,3
E2,Before,Mouth,48.15653002,-123.56164,14.732,0,4.918032787,16.53005464,73.59289617,4.959016393,4.959016393,No,0.0146488,0.0146488,0,71.99453552,71.99453552,0,6,0,8,2,1,122.5,0,12,1,1,0,11,164.5,9,0.5,0,1,0.833333333,0.583333333,0,6.666666667,12.5,37.5,1.666666667,10,68.33333333,0,30.51912568,0,25.6557377,15.81967213,71.99453552,0,1.5,0,0,0,0,0,0,0,0,0,0,0,1,0,0,0,0,0.5,0,0,0.5,0,0,3.5,0,0,0,0,1,0.5,1.5,0,0,0,0,0,0,0,0,0,0.5,0,0,1,0,0,0,0,0,0,0,0,0,0,0,0,0,0,0.5,0,0.5,1,0,2.5,0,0,0,0,0,0,0.5,0,0,0,1.5,0,0,0,0,0,0,1.5,0,0,0,0,0,1,1,0,0,0,6.5,0.5,0,0.5,0,0,29,22,0,0,10,0.833333333,0,0,0,0,1.666666667,0.833333333,13.33333333,0,0,0,0,0.25,0,0,0,0,0,0,0,0,1.25,0,0,0,0,0,0,0,0,0,0,0,0,0,0,1.5,2
E2,2012,Mouth,48.15653002,-123.56164,14.732,0,7.528735632,25.51724138,60.97701149,5.977011494,4.959016393,No,0.0464806,0.0146488,0.0318318,0,71.99453552,-71.99453552,0.5,0,0,0,0,0,0,0,0,0,0,0,0.5,1,0.5,0,0,0.333333333,0.208333333,0,9.542372881,8.779661017,7.542372881,0,1,26.86440678,0,0,0,0,0,0,0,0.5,0.5,0.5,0.5,0,0,0,0,0,0.5,0,0,2.5,0,0,0,0,0,0,0,0.5,0.5,0,0.5,0,0,0,0,0,0.5,19,0,1,0.5,0,0,2,0,2.5,0.5,2,0,0,2.5,0,0,0,0,0,0,0,0,0,0,0,0,0,0,0.5,0,0,0,0,0.5,0,0,0,0,0,1.5,2,0,0,0,3,0,0,0.5,0,0,0,1.5,0,0,4,0,0,0.5,2,0.5,0,0,10.5,0,0,0,0,0,64,30,0,1,13,0,0.847457627,0,3.847457627,2,1,0,21.69491525,0,0.25,0,0,0,0.5,0,0,0,0,0,0,0,0.5,0,0,0,0,0,0.25,0,0,0,1.25,0,0.25,0,0,3,6
E2,2013,Mouth,48.15653002,-123.56164,14.732,0,5,6.666666667,88.33333333,0,4.959016393,No,0.0527471,0.0146488,0.0380983,0,71.99453552,-71.99453552,0,0,0,0,0,0,0,0,0,0,0,0,0,0,0.166666667,0.166666667,0.083333333,0.083333333,0.125,0,8.333333333,30.83333333,0.833333333,0,0,40,0,0,0,0,0,0,0,1.5,0,0,0,0,0,0,0,0.5,0,0,0,60.36206897,0,0,0,2,0,0,0,1,0,0.5,6,0,0,0,0,0,0,4,0,0,0.5,0,0,0,0,0,0,1.5,0,0,0.5,0,0,0,0.5,1,0,0,0,0,0,0,0,0,0,0,0,0,0,0,1,0.5,0,1,0,0,0,2,0,0,0,4,0,0.5,0.5,0,0,0,1,0,0,5,0,5.5,0,7,0.5,0,0,48.5,0,0,0,0,2.5,159.362069,27,0,0,3.333333333,0,0,1.666666667,3.333333333,0.833333333,1.666666667,0,10.83333333,0,0,6,0.25,0,0,0,0,0,0,0,0,0,0.25,0,0,0,0,0,0.5,0,0,0,0.75,0,0,0,0,7.75,5
E2,2014,Mouth,48.15653002,-123.56164,14.732,0,5,8.333333333,84.16666667,2.5,4.959016393,No,0.044596,0.0146488,0.0299472,0,71.99453552,-71.99453552,0,0,0,0,0,0,0,0,0,0,0,0,0,0,0,0,0,0,0,0,5.833333333,9.166666667,0,0,0,15,0,0,0,0,0,0,0,22,0,1,0,0,0,0,0,0,0,0,0,8.5,0.5,0,0,0,0,0,0,0.5,0.5,0,1.5,0,0,0,1,0.5,0.5,2.5,0,0.5,0,0,0,0.5,0,0,0,1,0,0,0,0,0,0,20,0.5,0,1,0,0,0,0,0,0,0,0,0,0,0,0,0.5,0,1,0.5,0,0,0,2.5,0.5,0,0,4.5,0,0,0.5,0,0,0,0.5,0,0,13.5,0,5,0,9,0,0,0,402.2017982,0,0,0,0.5,17.5,520.7017982,31,3.333333333,1.666666667,8.333333333,0,0,0.833333333,0.833333333,0,0.833333333,0,15.83333333,0,0,0,0,0,0,0,0,0,0,0,0,0,0,0,0,0,0,0,0,0,0,0,1.75,0,0,0,0,1.75,1
F1,Before,Mouth,48.15292999,-123.55045,6.30174,0,0,10,82.5,7.5,7.5,No,0.028734,0.028734,0,58.33333333,58.33333333,0,0,38.5,1,236.8571429,2,0.5,0,0,0,4.5,31,9.5,323.8571429,8,0.75,0.666666667,0.083333333,0.833333333,0.583333333,0,0,25,2.5,3.333333333,0.833333333,31.66666667,0,52.5,0,1.666666667,4.166666667,58.33333333,0,16,0,0,0,0,0,0,0,0,0,0,0,0,0,0,0,0,0,0,0,0,0,0.5,0,0,0,0,0,0.5,0,0.5,0,0,0,0,0,0,0.5,0.5,0,0,0,6,0,0.5,0.5,1,0,0,0.5,0,0,0,0,0,0,0,0,0,0,0,0,0,0,0,0,0,0,0,0,0,0,0,0,0.5,0,0,0,0,0,0,0.5,0,0,1,0,0,0,0,0,0,0,0,0,0,0,0,0,29,14,0,0,1.666666667,0,0,0,0,0.833333333,0,0,2.5,0,0,0,0,0,0.5,0,0,0,0,0,0,0,0.75,0,0,0,0,0,1.75,0,0,0,0.75,0,0,0,0.25,4,5
F1,2012,Mouth,48.15292999,-123.55045,6.30174,0,3.333333333,28.33333333,54.16666667,14.16666667,7.5,No,0.0450716,0.028734,0.0163376,2.5,58.33333333,-55.83333333,0,1.5,0,0,0,0,0,0,0,0,49.5,0.5,51.5,3,0.166666667,0.333333333,0,0,0.125,0,0,11.66666667,0,0.833333333,0,12.5,0,1.666666667,0,0.833333333,0,2.5,0.5,3.5,0.5,0,0,0,0,0,0,0,0,0,0,0,1,0,0,0,1.5,0,0,0,0,0,0,0,0,0,0,1.5,0,1,0,1,0,0,0,0,0,0,0,0,0,0,0,0,0,0,0,0,0,0,0,0,0,0,0,0,0,0,0,0,0,0,0.5,0,0,0,0,0,0,0,0,0,0,1,0,0,0,0,0,0,0.5,0,0,1.5,0,0,0,0,0,0,0,0,0,0,0,0,0,14,12,1.666666667,0,0,0,0,0,5,0,0,0,6.666666667,0,0,0.25,0,0,0.75,0,0,0,0,0,0,0.5,0,0,0,0,0,0,1.75,0,0,0,1.5,0,0.5,0,0,5.25,6
F1,2013,Mouth,48.15292999,-123.55045,6.30174,0,0,17.5,61.66666667,20.83333333,7.5,No,0.0478397,0.028734,0.0191057,3.333333333,58.33333333,-55,0,0,0,0,0,0,0,0,0,0,0,0,0,0,0,0.083333333,0,0,0.020833333,0,0,0,0,0,0,0,2.5,0.833333333,0,0,0,3.333333333,4,38.5,9.5,0,0,0,0,0,0,0,0,0,0,0.5,0,0,0,0,4.5,0,0,0,0,0,0,0,0,61.5,0,1,0,0,0,0,0,0,0,0,0,0,0,0,0,0,0,0,0,0,0,0,0,0,0,0,0,0,0,0,0,0,0,0,0,0,0,0,0,0,0,0,0,0,0,0,0,0,0,0,0,0,0,0,0.5,0,0,3.5,0,1,0,0,0,0,0,2.5,0,0,0,0,0,127,11,0,0,0,0,1.666666667,0,0.833333333,0,2.5,0,5,0,0,0,0,0,0.25,0,0,0,0,0,0,0,0,0,0,0,0,0,0.25,0,0,0,0.5,0.5,0,0,0,1.5,4
F1,2014,Mouth,48.15292999,-123.55045,6.30174,0,0,0,5.833333333,94.16666667,7.5,Yes,0.0390448,0.028734,0.0103108,0.833333333,58.33333333,-57.5,0,0,0,0,0,0,0,0,0,0,0,0,0,0,0,0,0,0.083333333,0.020833333,0,0,0.833333333,0.833333333,0,0,1.666666667,0,0,0,0.833333333,0,0.833333333,2.5,5,0,0,0,0,0,0,0,0,0,0,0,0,0,0,0,0,0,0,0,0,0,0,0,0,0,0,0.5,1.5,0,0,0,0,0,0,0,0,0,0,0,0,0,0,0,0,0,0,0,0,0,0,0,0,0,0,0,0,0,0,0,0,0,0,0,0,0,0,0,0,0,0.5,0,0,0,1,0,0,0,0,0,0,0,0,0,0.5,2,0,0,0,0,0,0,0,0,0,0,0,0,13.5,8,0,0,0,0,0.833333333,0,0,0,0,0,0.833333333,0,0,2.25,0,0,0,0,0,0,0,0,0,0,0,0,0,0,0,12.5,0,0,0,0,0.25,0,0,0,0,15,3
F2,Before,Mouth,48.15672004,-123.55003,11.77036,0,0,25.83333333,73.33333333,0.833333333,0.833333333,No,0.012882,0.012882,0,85.83333333,85.83333333,0,0,0,53,0,0,95.33333333,0,12,57,12,57,19,305.3333333,7,1,0.166666667,0,1,0.541666667,0,6.12244898,18.02144587,40.71255621,3.908682117,1.020408163,69.78554134,1.666666667,31.66666667,0,51.66666667,0.833333333,85.83333333,0,0,0,0,0,0,0,0,0,0,0,0,0,0,0,0,0,0,0,0,0.5,0.5,0,0,13,0.5,0,0,0,0,0,9,0,1.5,0,0,0,0,0,3.5,0,1,4.5,0,0,0,0,0,0,0,0,0,0.5,0,0,0,0,0,0,0,0,0.5,1.5,0,3.5,0,1.5,0,0,0,0,0,0,0,0,0.5,0,0,0,0,0,0,1.5,0,0,0,0,0,0,0,0,0,0,0,0,0,1,0,0,44.5,17,0,0,0,0,0,0.847457627,0,0,0,0,0.847457627,0,0,0,0,0,0,0.5,0,0,0,0,0,0,1.75,0,0,0,0,0,0.5,0,0,0,0.25,0,0,0,0.25,3.25,5
F2,2012,Mouth,48.15672004,-123.55003,11.77036,0,7.5,48.33333333,44.16666667,0,0.833333333,No,0.0330066,0.012882,0.0201246,6.666666667,85.83333333,-79.16666667,0,0,0,0,0,0,0,1.5,0,0,27,0,28.5,2,0.916666667,0,0,0.5,0.354166667,0,8.333333333,12.5,7.5,0,0,28.33333333,0,0.833333333,0,5.833333333,0,6.666666667,0,0,0,0,0,0,0,0,0,0,0,0,1.5,4.5,0,0,0,0,0,0,0,1,0,0.5,11,0,0,0,0,0.5,0,2.5,0,0,0,0,0,1,0,0,0,0,0,0,2.5,0,0,0,0.5,0,0,0,0,0,0,0,0,0.5,0,0,0,0,0.5,0,5,0,1,0,0,0,0,3.5,0,0,0,1.5,0,0,0,0,0,0,2.5,0,0,2.5,0,0,0,0.5,0,0,0,0,0,0,0,0,0,43,19,0,0,10,0,0,0,17.5,0.833333333,0.833333333,0,29.16666667,0,0,0,0,0,0.25,0,0,0,0,0,0,0,0.25,0,0,0,0,0,1,0,0,0,0,0,0,0,0,1.5,3
F2,2013,Mouth,48.15672004,-123.55003,11.77036,0,1.666666667,27.5,65.83333333,5,0.833333333,No,0.0454302,0.012882,0.0325482,0.833333333,85.83333333,-85,0,0,0,0,0,0,0,0,0,0,7,0,7,1,0.083333333,0,0,0,0.020833333,0,5.903954802,2.528248588,0.833333333,0,0,9.265536723,0,0.833333333,0,0,0,0.833333333,0,0.5,0.5,0,0,0,0,0,0,0,0,0,0,20.5,1.5,0,0,1,0,0,0,0.5,0.5,0,4.5,0,0,0,0,0.5,0.5,1.5,0,0.5,0,0,0,0,0,0,0,8,0,0,0,0,0,0,0,0,0,0,0,0,0,0,0,0.5,0,0.5,0,0,0,0,2.5,0.5,3,0.5,0,0,0,2,1,0,0,6,0,0,0.5,0,0,0,0.5,0,0,1,0,0,0,1.5,0,2,0,1,0,0,0,0,0,63.5,28,0,0,8.460451977,0,0,0,31.11581921,0.833333333,1.68079096,0.833333333,42.92372881,0,0,0,0,1.5,0,0,0,0,0,0,0,0,0.75,0,0,0,0,0,0.25,0,0,0,0.25,0,0,0,0,2.75,4
F2,2014,Mouth,48.15672004,-123.55003,11.77036,0,0,35.83333333,60,4.166666667,0.833333333,No,0.037677,0.012882,0.024795,0.833333333,85.83333333,-85,0,0,0,0,0,0,0,0,0,0,0,2,2,1,0,0.083333333,0,0.25,0.083333333,0,0,3.333333333,12.5,0,3.333333333,19.16666667,0,0.833333333,0,0,0,0.833333333,0,3.5,0,0,0,0,0,0,0,0,0,0,0,0,0,0,0,0.5,0,0,0,0.5,0,0,2,0,0,0,0.5,1,0.5,0,0,0,0,0,0,0.5,0,0,0,0.5,0,0,0,0,0,0,12.5,0,2,1,0,0,0,0,0,0,0,0.5,0,0,0,0,16,0,1.5,0.5,0,0,0,0,0.5,0,0,2.5,0,0,0,0,0,0,0,0,0,3,0,1,0,0.5,0,0.5,0,2.5,0,0,0,0,0,54,23,0,4.166666667,2.5,0,0,0,0,1.666666667,0.833333333,0,9.166666667,0,0,0.25,0,0,0,0,0,0,0,0,0,0,0.75,0,0,0,0,0,0.5,0,0,0,0.5,0,0,0,0,2,4
GP1,Before,Control,48.11852521,-123.3157163,7.48284,0,13.33333333,10.83333333,28.33333333,47.5,47.5,No,0.0231753,0.0231753,0,59.16666667,59.16666667,0,0,2,4,0.5,0,4,0,6.5,0.5,31.5,59.5,37,145.5,9,0.75,0.666666667,0.166666667,1,0.645833333,0,3.361581921,9.223163842,5.903954802,0.847457627,3.361581921,22.69774011,1.666666667,39.16666667,0,15,3.333333333,59.16666667,2.5,5,0,0,0.5,0,0,0,0,0,0,0,0,0.5,0,0,0,0,0,0.5,0,1,0.5,0,0.5,0,0,0,0,0.5,0,0,0,0,0,0,0,0,0,1.5,0,0,0,0,0.5,0,0,0,0,0,0,0,0,0,0,0,0,2.5,0,0,0,0,0,0,0,0,0,0,0,0.5,0,0,0.5,0,0,0,0,0,0,0,0,0,5,0,0,2,0,0,1,0.5,0,0,0,0,0,0,3,0,0,28.5,19,0,0,0.847457627,0.847457627,0,0,0,1.68079096,0,0.833333333,4.209039548,0,0,0,0,0.25,0.25,0,0,0,0,0,0,0,0,0,0,0,0,25,0,0,0,0,0,0,0,0,0,25.5,3
GP1,2012,Control,48.11852521,-123.3157163,7.48284,0,9.166666667,3.333333333,47.5,40,47.5,No,0.0259812,0.0231753,0.0028059,79.16666667,59.16666667,20,0,1.5,4,1.5,1,0,0,0,1.5,31,38.5,28.5,107.5,8,0.916666667,0.833333333,0.25,1,0.75,0,0.961538462,4.423076923,25.12820513,3.461538462,0,33.97435897,0,49.16666667,0,28.33333333,1.666666667,79.16666667,3.5,2,0,0,0,0.5,0,0,0,0,0.5,0,0,0.5,0,0,1,4.5,0.5,0,0,0,0,0.5,1,0,0,0,0.5,0,0,2,0,0,0,0,0,0,0,1.5,0.5,1,0,0,1,0,2,0,0.5,0,1,2,0,0,0,0,0,0.5,1.5,0,0,0,0.5,0,1.5,0.5,1,0,0,0,0,0,0,0,0,1.5,0,0,0,0,0,0,3,0,0,2.5,0,0.5,0.5,0.5,0,0,0,0.5,0.5,0.5,1,0.5,0.5,44,38,0,0,4.423076923,0.961538462,0,0,0,0,0,0,5.384615385,0,0,0,0,0,0.25,0,0,0,0,0,0,0,0,0,0,0,0,25.25,0.75,0,0,0,0.25,0,0,0,0,26.5,4
GP1,2013,Control,48.11852521,-123.3157163,7.48284,0,11.55737705,7.445355191,44.64480874,36.35245902,47.5,No,0.0277673,0.0231753,0.004592,42.22677596,59.16666667,-16.93989071,0,0.5,3,1.5,1,6.5,0,7.5,0.5,32.5,57.5,35.5,146,10,0.75,0.75,0.333333333,0.75,0.645833333,0,2.5,9.166666667,4.166666667,1.666666667,0.833333333,18.33333333,0,36.40710383,0,3.319672131,2.5,42.22677596,2,7,0,0,0.5,0,0,0,0,0,0,0,0,0,3,0,0,15.5,0,0,0,0,0,0,5.5,0,0,0,0,0,0.5,0.5,0,0,0,0,0,0,0,0,0,0.5,1,0,1,0,1,0,0,0,0,2,0,0,0,0,0.5,1.5,3,0,0,0,0,0,4,0.5,1.5,0,0.5,0,0,0,0.5,0,0,2.5,0,0,0,0,0,0,3,0,0,7.5,0,0,0,0.5,0,0,0,0,0,0,0.5,15,0,81,27,0,0,0.833333333,0,0,0,0,1.666666667,0.833333333,0.833333333,4.166666667,0,0,0,0,0,0.25,0,0,0,0,0,0,0,0,0,0,0,0,0,0,0,0,0,1,0,0,0,0,1.25,2
GP1,2014,Control,48.11852521,-123.3157163,7.48284,0,10.83333333,3.333333333,40.83333333,45,47.5,No,0.032654,0.0231753,0.0094787,33.33333333,59.16666667,-25.83333333,0,0,3.5,0,0.5,0.5,0.5,0,0,32.5,47.5,22.5,107.5,7,0.583333333,0.416666667,0.166666667,0.833333333,0.5,0,0.833333333,5,8.333333333,2.5,1.666666667,18.33333333,0,18.33333333,0.833333333,13.33333333,0.833333333,33.33333333,0.5,4,0,0,0,0.5,0,0,0,0,0.5,0,0,0.5,1,0,0,6,1,0.5,0,0.5,0,1.5,1,0.5,0,0,0,1.5,0,0,0.5,0,0,0,0,0,0,0.5,0,0.5,0,0,0,0,0,0,0,0,0,0.5,0,0,0,0,0,0.5,0.5,0,0,0,0,0,0,0,5,0,0,0,0,0,1.5,0,0,1,0,0,0,0,0,0,0,0,0,9.5,0,0,0,58,0,0,0,0,0.5,0,0.5,3.5,0.5,102.5,29,0.833333333,0.833333333,2.5,0,0,0.833333333,0,1.666666667,0,0,6.666666667,1,0,0,0,0.5,0,0,0.25,0,0,0,0,0,0,0,0,0,0,0,0,0,1,0,1,0.25,0,0,0,4,6
GP2,Before,Control,48.12781102,-123.3167925,12.90066,0,5.833333333,11.66666667,20.83333333,61.66666667,61.66666667,No,0.011417,0.011417,0,55.83333333,55.83333333,0,4,0,0,0,4.5,69,0,8,0,0.5,7.5,13.5,107,7,1,0.166666667,0.416666667,0.75,0.583333333,0,5.833333333,6.666666667,34.16666667,0.833333333,11.66666667,59.16666667,0,29.16666667,0,17.5,9.166666667,55.83333333,0,0,0,0.5,0.5,0.5,0,0,0,0,0,0,0,2.5,0.5,0,1,0,0,0,0,1.5,0.5,0,1,0,0,0,0,2,0,0.5,0.5,0,1,0.5,0,6,1.5,0,0,2.5,0,0,0,0,0,0,0,0,0,0,0,0.5,0,0,0,1.5,0,2.5,0,0,0,0,2,0,0,0,0,0.5,0,0.5,1,0,0,0,0,0,0,0,0,0,2,0,0,7.5,1,0.5,0,11.5,0,1.5,0,0,0,0,0,0,0,55.5,30,0,0,2.5,0,0,0,0,0,0.833333333,0,3.333333333,0,0,0,0,0,0.25,0,0,0,0,0,0,0,0,0,0,0,0,0,0,0.25,0.25,0,0.25,0,0,0,0,1,4
GP2,2012,Control,48.12781102,-123.3167925,12.90066,0,5,10.83333333,20.75136612,63.41530055,61.66666667,No,0.0115958,0.011417,0.0001788,53.62021858,55.83333333,-2.213114754,5,0,0,0,3,13,0,0,0,0,4.5,22,47.5,5,0.666666667,0.333333333,1,0.833333333,0.708333333,0,1.265822785,2.099156118,46.55063291,0,4.398734177,54.31434599,0,12.40437158,0,39.57650273,1.639344262,53.62021858,0,0,0,0,0,0.5,0,0,0,0,0,0,0,5,0,0,3,0,0,0,0,0,0,0.5,0.5,0,0,0,0,0,1,1.5,1,0,0,5,0,2,0,0,0,6.5,0,0,0.5,0,0,0,0,0,0,0,0,1,0,0,0,0.5,1,0.5,0,1,0,0,9,0,0,0,0,0,0,1,0,0,0,1.5,0,0,0,0,0,0,2.5,0,0,1.5,0,0,0,6,0,0,0,1,0,0,0.5,0,0.5,54.5,26,0,0.632911392,1.265822785,0,0,0,2.299578059,0,0,0,4.198312236,0,0,0.25,0,0,0.5,0,0,0.25,0,0,0.5,0,0,0,0,0,0,0,0.75,0,0,0,1,0,0.25,0,0,3.5,7
GP2,2013,Control,48.12781102,-123.3167925,12.90066,0,1.666666667,14.16666667,12.5,71.66666667,61.66666667,No,0.009168,0.011417,-0.002249,18.33333333,55.83333333,-37.5,10,0,0,0,1.5,65.5,0,1,0,0,2,6.5,86.5,6,0.833333333,0.5,0.666666667,0.666666667,0.666666667,0,1.666666667,6.666666667,28.33333333,1.666666667,0,38.33333333,0,4.166666667,0,14.16666667,0,18.33333333,0,2.5,0.5,0,0,0.5,0,0,0,1,0,0,0,21,0,0,1,10.5,0,0,0,0.5,0.5,0,9.5,0,0,0,0,0,1,0,0,0,0,1.5,0,1,0,4.5,0,9.5,0,0,6,0,0.5,0,0,0,0,0,0,1,0,0,0,0,0.5,1.5,0,0.5,0,45,4.5,0,0,0,0,0,0,3.5,0,0,0,2,0,1,0,0,0,0,0.5,0,0,10,0,1.5,0,11,0,0,0,0,0,0,0,1,0,155,31,0,0,3.333333333,0,0,0,0.833333333,0,0.833333333,0,5,0,0,0.5,0,0,0.5,0,0,0,0,0,0,0,0,0,0,0,0,0,0.25,0,0,0,0.25,0.25,0,0,0,1.75,5
GP2,2014,Control,48.12781102,-123.3167925,12.90066,0,2.5,10.83333333,25.83333333,60.83333333,61.66666667,No,0.0135724,0.011417,0.0021554,13.33333333,55.83333333,-42.5,6.5,0,0,0,0,3.5,0,0,0,0,0,0.5,10.5,3,0,0,0.583333333,0.416666667,0.25,0,0,8.333333333,10.83333333,0,0,19.16666667,0,8.333333333,0,5,0,13.33333333,0,1,0.5,0,0,0,0,0,0,0,0,0,0,0,0.5,0,0.5,0,0,0,0,2,0.5,0,1,0,0,0,5,0.5,1,4,1.5,0,0.5,1,0.5,30.5,0,1,0,7.5,0,0,0,0,0,0,0,0,0,0,0,1,0,0,0,0,0,0.5,0,0,0,0,0,0,0,0.5,0,0.5,2,0.5,1.5,0,0.5,5,0,0,0,0,0,0.5,0.5,0,0,5.5,0,0.5,0,14.5,0,0,0,3,0,0,0,2,0,97.5,34,0,0,0,0.833333333,0,0,0,0,0,0,0.833333333,0,0,0.25,0,0,0,0,0,0,0,0,0,0.25,0,0,0,0,0,0,0,0,0,0,0.25,0,0.25,0,0,1,4
H1,Before,East,48.1479177,-123.5350646,5.3721,0,0,38.75,50.41666667,10.83333333,10.83333333,No,0.0259449,0.0259449,0,92.08333333,92.08333333,0,0,132.8398127,0,404.6774453,7,1.5,0,0.5,0,0,40.5,2,589.017258,6,1,0,0,0.833333333,0.458333333,0,0.416666667,40,1.25,4.583333333,3.333333333,49.58333333,0.833333333,79.16666667,0,2.916666667,9.166666667,92.08333333,0,27.5,0,0,0,0,0,0,0,0,0.25,0,0,0.25,0.25,0,0,1.75,23.75,0,0,0,0,0,0.5,0,0,0,0.25,1,0,0,0,0,0,0,0,0,0,0.25,0,1,0.5,1,0,0,0,0.25,0,0,0,0,0,0,0,0,0,0,0.5,0,0,0,0,0,0.25,0,0.25,0,0,0,0,0,0,0,0,0,0,0,0,0,0,0,0,0,0,0,0.25,0,0.5,0,0,0,0,0.5,0.25,0,0.5,0,0,61.5,15,0,0.416666667,2.5,0,0,0,0,0,0,0,2.916666667,0,0,0,0,0.375,1.875,0,0,0,0,0,0,0,0,0,0,0,0,0,0.25,0,0,0,0,0,0,0,0,2.5,2
H1,2012,East,48.1479177,-123.5350646,5.3721,0,2.5,43.33333333,46.66666667,7.5,10.83333333,No,0.0337297,0.0259449,0.0077848,25.83333333,92.08333333,-66.25,0,16.5,0,1,1.5,0.5,0,0,1,0,49,13,82.5,7,0.333333333,0.666666667,0.083333333,0.916666667,0.5,0,0.847457627,33.61581921,15.19774011,0,2.5,52.16101695,0,19.16666667,0,4.166666667,2.5,25.83333333,0,8.5,0,0,0,0.5,0,0,0,0,0,0,0,3.5,0,0,0,3,61,0,0,0,0,0,0,0,0,0,0,3,0,0,0,0,0,0,0,0,0,0.5,0,0,0,0,0,0,0.5,0,0,0,0,0,0,0,0,0,0,0,0,0,0,0,0,0,0,0,0,0,0,0,0,0,0,0,0,0,0,0,0,0,0,0,0.5,0,0,0,0,0,0,0,0,1,0,1,0,0,0,0,0,83,11,0,1.694915254,3.333333333,0,0,0,6.751412429,0,0,0,11.77966102,0,0,0,0,0.5,0.5,0,0.25,0.25,0,0,0,0,0,0,0,0,0,0,0.25,0,0,0,0.25,0,0,0,0,2,6
H1,2013,East,48.1479177,-123.5350646,5.3721,0,0,12.5,82.5,5,10.83333333,No,0.0415878,0.0259449,0.0156429,6.666666667,92.08333333,-85.41666667,0,2,0,0,0,0,0,3,0,0,75.23913043,14,94.23913043,4,0.75,0.166666667,1,1,0.729166667,0,0,20.83333333,10.83333333,0.833333333,0.833333333,33.33333333,0,3.333333333,0.833333333,2.5,0,6.666666667,0.5,7.5,2,0,0.5,0.5,0,0,0,0,0,0,0,0,1,0,0,6,54.44186047,0,0,0,0,0,0,0,0,9.5,0.5,1.5,0,0,0,0,0,0,0,0,0,0.5,0,0,1,0,0,0,0.5,0,0,0,0,0,0,0,0,0,0,0,0,0,0,0,0,0,0,0,0,0,0,0,0,0,0,0,0.5,0.5,0,0,0,0,0,0,0.5,0,0,0,0,0,0.5,0,0,2.5,0,0,0,0,0,0,0,90.44186047,19,0,0,0,0,0,0,1.666666667,0,0,0,1.666666667,0,0,0,0,0,0,0,0,0,0,0,0,0,0.25,0,0,0,0,0,0,0,0.25,0,0.25,0,0,0,0,0.75,3
H1,2014,East,48.1479177,-123.5350646,5.3721,0,0,15,74.16666667,10.83333333,10.83333333,No,0.034673,0.0259449,0.0087281,16.66666667,92.08333333,-75.41666667,0,1.5,0,0,0,0,0,0,0,0,50,8.5,60,3,0.5,0.25,0,1,0.4375,0,0,19.16666667,11.66666667,0.833333333,0.833333333,32.5,0,5,0,10,1.666666667,16.66666667,1.5,18,0,0,0.5,0,0,0,0,0,0,0,0,0,0,0,0,3,49.12903226,0,0,0,0,0,0,0,0,0,0,1.5,0,0,0,0,0,0,0,0,0,0,0,0,0,0,0,0,0,0,0.5,2.5,0,0,0,0,0,0,0,0,0,0,0,0,0,0,0,0,0,0,0,0,0,0,0,0,0,0,0,0,0,0,0,0,0,0,0,0,0.5,0.5,0,0,0,0,0,9,2.5,0,0,0,0,89.12903226,12,0.833333333,0.833333333,0,0,0,0,3.333333333,0,0,0,5,0,0.5,0,0,0.75,1.5,0,0,0,0,0.25,0,0,0,0,0,0,0,0,1,0,0,0,0,0,0,0,0,4,5
H2,Before,East,48.15008216,-123.5324426,7.84352,0,1.25,19.16666667,71.25,8.333333333,8.333333333,No,0.017021,0.017021,0,74.58333333,74.58333333,0,0,11,0.5,28,5.5,1.5,0,5.5,7,0,30.5,5,94.5,7.5,0.333333333,0.833333333,0.166666667,1,0.583333333,0,5.416666667,37.5,5,3.333333333,3.75,55,0,25,0,21.66666667,27.91666667,74.58333333,1.5,6,0,0,0.5,0,0,0,0,0,0,0,0,1,0,0,0,0.25,0.25,0,0,0,0,0,0,0,0,0,0,0,0,1.25,0,0,0,0,0,0,0,0.75,0,0.25,0,0.5,0.25,0,0,0,0,0,0,0,0,0,0,0,0,0,0,0,0.25,0,0,0,0,0,0,0,0,0,0,0,0,0,0,0.5,0,0,0,0,0,0,0.25,0,0,1.75,0,0,0.25,0,0,0,0,0,0.25,0,0.75,0,0,16.5,11,0,0,0.833333333,0,0,0,0,0,0,0,0.833333333,0,0,0,0,0.5,0.625,0,0,0,0,0,0,0,0,0,0,0,0,0,0,0,0,0,0,0,0,0,0,1.125,2
H2,2012,East,48.15008216,-123.5324426,7.84352,0,0,26.12745098,71.37254902,2.5,8.333333333,No,0.0287092,0.017021,0.0116882,13.23529412,74.58333333,-61.34803922,0,0.5,0,0,0,0,0,0.5,0.5,0.5,46.5,9.5,58,6,0.5,0,0.083333333,0.666666667,0.3125,0,0,32.99019608,15.78431373,0,0.980392157,49.75490196,0,10.44117647,0,2.794117647,0,13.23529412,0,1.5,0,0,1.5,0,0,0,0,0,0,0,0,0.5,0,0,0,0.5,0,0,0,0,0,0,0,0,0,0,0,1,0,0.5,0,0,0,0,0,0,0.5,0,0,0,0,0,0,0,0,0,0,0,0,0,0,0,0,0,0,0,0,0,0,0,0.5,0,0.5,0,0,0,0,0,0,0,0,0,1,0,0,0,0,0,0,0,0.5,0,0,7.5,0,0,0,0,0,0,0,0,0,0,0,0,0,16,12,0,0,2.647058824,0,0,0,11.32352941,0,0.980392157,0,14.95098039,0,0,0,0,0.75,1.5,0,0,0,0,0,0,0.25,0.5,0,0,0,0,0,0.75,0,0,0,1.75,0.25,0,0,0,5.75,7
H2,2013,East,48.15008216,-123.5324426,7.84352,0,0.833333333,20,70.83333333,8.333333333,8.333333333,No,0.0342302,0.017021,0.0172092,6.666666667,74.58333333,-67.91666667,0,0,0,0,0,0,0,0,0,0,41,0.5,41.5,2,0,0,0,0.416666667,0.104166667,0,1.666666667,17.28142077,2.459016393,1.666666667,2.486338798,25.56010929,0,5.833333333,0,0.833333333,0,6.666666667,0,1,0,0,0.5,0,0,0,0,0,0,0,0,1,0,0,0,0,1.5,0,0,0,0,0,0.5,0,0,2,0,1.5,0,0,0,0,0,0,0,0,0,1.5,0,0,0.5,0,0,0,0,0,0,0,0,0,0,0,0,0,0,0,0,0,0,0,0,0,0,0,0,0,0,0,0,0,0.5,0,0,0.5,0,0,0,0,0,0,3,0,0,1.5,0,0,0,0,0,0,0,0,0,0,0.5,0,0,16,14,0,0,0,0,0,0,0,0,0,0,0,0,0,0,0,0.5,0.25,0,0,0,0,0,0,0,1,0,0,0,0,0,0,0,0,0,0.5,0,0,0,0,2.25,4
H2,2014,East,48.15008216,-123.5324426,7.84352,0,0.833333333,7.5,90.83333333,0.833333333,8.333333333,No,0.031497,0.017021,0.014476,5.833333333,74.58333333,-68.75,0,0,0,0,0,0,0,0,0,0,23.5,4,27.5,2,0.25,0.583333333,0,1,0.458333333,0,2.5,37.5,8.75,0.833333333,2.5,52.08333333,0,0.833333333,0.833333333,4.166666667,0,5.833333333,0.5,13,3.5,0,0.5,0.5,0,0.5,0,0,0,0,0,1.5,0,0,0,1.5,183.8588587,0,0,0,0,0,0,0,0,0.5,0,0.5,0,0.5,0,0,0,0,0,0,0,0,0,0,0,0,0,0,0,0,10,0.5,0,0,0,0,0,0,0,0,2,0,0,0,0,0,0,0,0,0,0,0,0,0,0,0,0,1,0,0,0,0,0,0,0,0,0,18.5,1,1,0,0,0,0,0,13.5,0,0,0.5,0,0,254.8588587,21,0,0,1.25,0,0,0,0,0,0,0,1.25,0,0,0,0,0.75,1.25,0,0,0,0,0,0,0,0,0,0,0,0,0,0.25,0,0,0,1,0,0,0,0,3.25,4
J,Before,East,48.13607725,-123.479686,9.42848,0.833333333,0,15.83333333,57.5,25.83333333,25.83333333,No,0.0361335,0.0361335,0,84.16666667,84.16666667,0,0,12.66666667,0.25,72,0,0,0,0,4.5,12.83333333,25.5,54.25,182,7,,,,,,0,0,27.65536723,0,0.833333333,1.666666667,30.15536723,0,81.66666667,0,0,2.5,84.16666667,0,11,0,0,0,0,0,0,0,0,0,0,0,2.75,1.5,0,0,0,1,0,0,0.5,0,0,0,0,0,0,0,0.75,0,0,0,0,0,0,0,0,0,0,0.5,0,1.5,0,0.5,0,0,0,0,0,0,0.5,0,0,0,0,0,0,0.25,0,0,0,1,0,0,0,0,0,0,0,0,0,0,0,0,0,0,0,0,0,0,0,0,0,0,0,0,0,68.45777027,0,0,3.5,0,0,0,0,0,0,0,93.70777027,14,0,0,0.847457627,0,0,0,0,0,3.375706215,0,4.223163842,0,0,0,0,0,0.5,0,0,0,0,0,0,0,0,0,0,0,0,0,0,0,0,0,0.25,0,0,0.25,0,1,3
J,2012,East,48.13607725,-123.479686,9.42848,0,0,3.333333333,48.33333333,48.33333333,25.83333333,No,0.0354697,0.0361335,-0.0006638,36.66666667,84.16666667,-47.5,0,0,0,0,4,0,0,0,1,4.5,18.5,27,55,5,0.916666667,0.083333333,0,1,0.5,0,0,16.07344633,5.875706215,2.514124294,0,24.46327684,0,23.33333333,0,13.33333333,0,36.66666667,0,10,1,0,0.5,0,0,0,0,0,0,0,0,1.5,0,0.5,0,17.5,47.5,0.5,0,1,0,0.5,0,0,0,0,0,0.5,0,0,0,0,0,0,0,0,0,0,0,0,0,0,0,0,0,0,0,0,0,0,0,0,0,0,0,0,0,0,0,0.5,0,0,0,0,0,0,0,0,0,0,0,0,0,0,0,0,0,0,0,0.5,0,0,0,0,2,0,92.97896879,0.5,0,1,0,5,0,0,0,0,0,183.4789688,18,0,1.68079096,0,0,1.68079096,0,0,0,0.833333333,0,4.194915254,0,0.5,0.75,0,0,1.75,0,0,0,0,0,0,0,0,0,0,0,0,0.25,0,0,0,0,0,0,0,0,0,3.25,4
J,2013,East,48.13607725,-123.479686,9.42848,0,1.666666667,2.5,44.16666667,51.66666667,25.83333333,No,0.0358643,0.0361335,-0.0002692,13.33333333,84.16666667,-70.83333333,0,0,0,0,0,1.5,0,0,0,9,11,20,41.5,4,0.916666667,0.25,0.166666667,0.666666667,0.5,0,0,4.166666667,7.5,0.833333333,0.833333333,13.33333333,0,9.166666667,0,4.166666667,0,13.33333333,0,14,1.5,0,0,0,0,0,0.5,0,0,0,0,6.5,3,0,1.5,23,0.5,0,0,0,0,0,0,0,0,21.5,0,0.5,0,1,0,0,0,0.5,0,0,0,0,0,0.5,0.5,0,0,0,0,0,0,0,0,0,0,0,0,0,0,0.5,1,0,0,0,0,0,0,0,0,0,0,0,0,0,0,0,0,0,0,0,0,0,0,0,1.5,0,0,0.5,0,0,145.0892857,0,0,0,0,19.5,0,0,0,0,0,243.0892857,20,0,1.666666667,0,0,1.666666667,0,0.833333333,0,2.5,0,6.666666667,0,0,0.75,0,1,0,0,0,0,0,0,0,0,1,0,0,0,0,0,0.5,0,0,0,0,0,0,0,0,3.25,4
J,2014,East,48.13607725,-123.479686,9.42848,0,0,1.666666667,73.33333333,25,25.83333333,No,0.034463,0.0361335,-0.0016705,15,84.16666667,-69.16666667,0,0,0,0,0.5,0,0,0,0,3,6,87.04794521,96.54794521,4,0.666666667,0.083333333,0,0.416666667,0.291666667,0,0.833333333,23.33333333,10,0,0.833333333,35,0,14.16666667,0,0.833333333,0,15,1,8.5,1.5,0,1,0,0,0,0,0,0,0,0,2.5,0,0,0.5,33.5,4.5,0,0,1.5,0,0.5,0.5,0,0,0,0,1,0.5,1,0,0,0,0,0.5,0.5,0,0,0,0,0,0,0,0,0,0,0,0,0,0.5,0,0,0,0,0,0,1,0,0,1,0,0,0,0,0,0,0,0,0.5,0.5,0,0,0.5,0,0,0,0,0,0,0,0,0,0,1.5,0.5,1,137.0179993,0,0,0,0,166.4814689,0,0,0,0,0,369.4994682,27,0.833333333,0,0,0,0,0,0,0,2.5,0,3.333333333,0,0,1.5,0,0.25,0,0,0,0,0,0,0,0,0,0,0,0,0,0,0.75,0,0,0,0,0.25,0,0,0,2.75,4
K,2012,East,48.13592923,-123.510494,6.18236,0,0,4.166666667,79.16666667,16.66666667,16.66666667,No,0.0293526,0.0314858,-0.0021332,47.5,80.63953488,-33.13953488,0,27,1,40.5,3,0,0,0,2.5,0,57.5,14,145.5,7,0.75,0.333333333,0.083333333,0.833333333,0.5,0,0,23.33333333,9.166666667,0.833333333,0.833333333,34.16666667,0,31.66666667,0,14.16666667,1.666666667,47.5,0,18,0,0,0.5,0,0,0,0,0,0.5,0,0,1.5,0,0,0,6,0,0,0,0,0,0,0,0,0,0,0,1.5,0,0,0,0,0,0,0,0,0,0,0,0,0.5,0,0,0,0,0,0,0,0,0,0,0,0,0,0,0,0,0,0,0,0,0.5,0,0,0,0,0,0,0,0.5,0,0,0,0,0,0,0,0,0,0,0,0,0,1,0,0.5,0.5,0,0,0,0,0,0.5,0,0,0,0,32,13,0,0,0,0,0,0,0,0,0,0,0,0,0,0,0,1.25,0.5,0,0,0,0,0,0,0,0,0,0,0,0,0.25,1.25,0,0,0,0.25,0,0,0,0,3.5,5
K,2013,East,48.13592923,-123.510494,6.18236,0,0,0.833333333,57.5,41.66666667,16.66666667,No,0.0368616,0.0314858,0.0053758,34.16666667,80.63953488,-46.47286822,0,2,0,0,3.5,0,0,0,0,0,40.5,4.5,50.5,4,0.5,0.916666667,0.083333333,0.916666667,0.604166667,0,0,6.751412429,6.737288136,0,5.889830508,19.37853107,0,15,0,19.16666667,0,34.16666667,0,26.5,0.5,0,0.5,0,0,0,0,0,0.5,0,0,1,1.5,0,0,15.5,2.5,0,0,0.5,0,0,0,0,0,3,0,1,0,0.5,0,0,0,0,0,0,0,0,0,0,0,0,0,0,0,0,0,0,0,0,0,0,0,0,0,0,0.5,0,0,0,0,0,0,0,0,0,0,0,0,0,0,0,0,0,0,0,0,0,0,0,1,0,0,2,0,0.5,0.5,0,0,0,0,0,0,0,0,0,0,58,17,0,0,0,0,0,0,0.847457627,0,0,0,0.847457627,0,0,0,0,0.5,0,0,0,0,0,0,0,0,0.5,0,0,0,0,0,0.25,0,0,0,0.5,0,0,0,0,1.75,4
K,2014,East,48.13592923,-123.510494,6.18236,0,0,1.666666667,86.66666667,11.66666667,16.66666667,No,0.0387822,0.0314858,0.0072964,23.33333333,80.63953488,-57.30620155,0,0,0,0,2.5,0,0,0,0,0,20,23.5,46,3,0.666666667,0.916666667,0,0.583333333,0.541666667,0,10,15.83333333,10.83333333,0,0,36.66666667,0,9.166666667,0,14.16666667,0,23.33333333,0,14.5,0,0,0.5,0,0,0,0,0,1,0,0,0.5,0,0,0,0.5,2,0,0,0,0,0,0,0,0,0,0,1,0.5,0,0,0,0,0,0,0,0,0.5,0,0,0.5,0,0,0,0,0,0.5,0,0,0,0,0,0,0,0,0,1,0,0,0,0,0,0,0,0,0,0,0,0,0.5,0,0,0,0,0,0,0,0,0,0,0,0,0,0.5,0,0,0.5,0,0,0,0,0,0,0,0,0,0,24.5,15,2.5,0,0,0,0,0,0,0,0,0,2.5,0,0,0.25,0,0,0,0,0,0,0,0,0,0,0,0,0,0,0,0,0,0,0,0,0.25,0,0,0,0,0.5,2
L,Before,West,48.13957527,-123.5939358,11.01852,1.666666667,9.166666667,3.333333333,22.5,63.33333333,63.33333333,No,0.012746,0.012746,0,72.5,72.5,0,5.75,0,6,4,0,0,0,0.5,1,0.5,1.25,29.25,48.25,8,,,,,,0.833333333,3.333333333,12.5,10.83333333,0,2.5,30,1.666666667,70,0,0.833333333,0,72.5,0,0.25,0,0,0,0.25,0,0,0,0,0.25,0,0,0,0,0,0,0,0,0,0,0.25,0,0,5.75,0,0,0,0,0,0,0.5,0,0,0,0,0,0,0,0,0,0.5,0,0,0,0,0,0,0.5,0,0,0,0,0.75,0,0,0,0,0,1.75,0,0,0,0,2,0,1.5,0,0,1,0,0,0,0,0,0.5,0,0,0.5,0,0,0,1.75,0,0,0,0.5,0,1.5,0,0,2,0,0,0.5,1.5,0,0,0,24,21,0,0,0.833333333,0,0,0.833333333,0,0,3.333333333,0.833333333,5.833333333,0,1,0,0,0,1.5,0,0,0,0,0,0,0,0,0,0,0.25,0,0,0.5,0,0,0.25,0.25,0,0,0,0,3.75,6
L,2012,West,48.13957527,-123.5939358,11.01852,0,4.166666667,1.666666667,9.166666667,85,63.33333333,No,0.0169835,0.012746,0.0042375,28.33333333,72.5,-44.16666667,8.5,0,11.5,0.5,4.5,25,0,0.5,0,0,1,28,79.5,8,0.166666667,0.25,0.5,0.166666667,0.270833333,0.847457627,1.666666667,1.666666667,19.37853107,0,0.847457627,24.40677966,0,18.33333333,0,10,0,28.33333333,0,1,1,0,0.5,1,0,0,0,0,0.5,0,0,19,0,0,1,1.5,0,1,0,2,0,1,1.5,0,0,0,0.5,0,0,1,1.5,0.5,1,0,0,0,0,0,0,1,0,0,0.5,0,0,0,0,0,0,0,0,0.5,0,0,0,0.5,2,0.5,0,0,0,0,2.5,0,0,0,0,0,9,0,0,0.5,0,1.5,0,0,0.5,0,0,0,1,0,0.5,8.5,0,0.5,0,0,0,90.54054054,0,1,0.5,0.5,0,0.5,0,158.0405405,37,0,0,0,0,0,0,0,0,5.084745763,0,5.084745763,0,0,1.75,0,0.25,0,0,0,0,0,0,0,0,0.25,0,0,0,0,0,0.75,0,0,0,0.5,0,0,0,0,3.5,5
L,2013,West,48.13957527,-123.5939358,11.01852,4.166666667,4.166666667,0,2.5,89.16666667,63.33333333,No,0.0281505,0.012746,0.0154045,0.833333333,72.5,-71.66666667,2,0,0,0,0,0,0,0,0,0,0.5,0,2.5,2,0,0,0.083333333,0,0.020833333,0.833333333,0.833333333,0,2.5,0,0,4.166666667,0,0.833333333,0,0,0,0.833333333,0,7,0.5,0,1,0,0,0.5,0,0,0,0,0,36,0,0,3,9.5,1,1.5,0,0.5,0,0,0.5,0,0,0,0,0,2,1,4.5,0,1,0,0,0,0,0,0,3,0,0,0,0,0,0,0,0,0,0,0,0,0,0,0,0.5,0,0,0,0,0,0,0.5,0,0,0,0,0,8,0,0,0,0,0.5,0,1,0,0,0,0.5,1,0,0,16,5.5,29.23076923,1,2,0,5,0,38.72727273,0,2.5,0,1,0,185.458042,32,0,2.5,0,0,0.833333333,0,0,0,4.166666667,0,7.5,0,0,1.5,0,0,0.5,0,0.25,0,0,0,0.25,0.25,0.25,0,0,0,0,0,0,0,0,0,0,0,0,0,0,3,6
L,2014,West,48.13957527,-123.5939358,11.01852,0,9.166666667,1.666666667,6.666666667,82.5,63.33333333,No,0.0249944,0.012746,0.0122484,2.5,72.5,-70,1.5,0,0,0,0,0,0,0,0,0,0,0.5,2,2,0,0,0.333333333,0,0.083333333,1.68079096,3.347457627,1.694915254,2.542372881,0,0,9.265536723,0.833333333,1.666666667,0,0,0,2.5,1,1,0,0,1,3.5,0,0,0,0,0,0,0,5.5,3,0,2,0,0,0,0,0,0,0,0,0,0,0,0,0,0.5,0.5,0,0,0.5,0,0,2,0,0,0,0,0,0,0,0,0,0,0,0,0,0,0,0,0,0,0,1,0.5,0,0,0,0,0,0,0,0,0,0,0,9,0,0,0,0,0.5,0,0,0,0,0,0,0,1,0,6,2.5,1,0,5,0.5,0,0,42.5,0,0.5,0,3,0,93.5,24,0,0.833333333,0,0,0,0,1.666666667,0,4.166666667,0,6.666666667,0,0,1.5,0.25,0,0,0,0,0,0,0,0,0,0,0,0,0,0,0,0,0,0.25,0,0.5,0,0,0,0,2.5,4
