x,y,field_visit_id,parameter_code,observing_procedure_code,observing_procedure,time,qualifier,last_modified,monitoring_location_id,value,unit_of_measure,vertical_datum,approval_status,measuring_agency
-123.58321362238982,48.05478017852923,4aa52b8b-31a1-b503-e053-0100007f2eb1,00060,Z,Mid-section,2011-05-03 23:06:00+00:00,,2025-06-24 01:55:25.307280+00:00,USGS-12045500,972,ft^3/s,None,Approved,USGS
-123.58321362238982,48.05478017852923,4aa528b3-2d0d-b3c8-e053-0100007fb4e8,00060,Z,Mid-section,2015-01-16 19:04:59+00:00,,2025-06-24 01:55:25.307280+00:00,USGS-12045500,1610,ft^3/s,None,Approved,USGS
-123.58321362238982,48.05478017852923,4aa528d4-a442-b3dd-e053-0100007fc9af,00060,Z,Mid-section,2012-04-24 21:26:30+00:00,,2025-06-24 01:55:25.307280+00:00,USGS-12045500,3280,ft^3/s,None,Approved,USGS
-123.58321362238982,48.05478017852923,8afc2b56-d507-2b8f-e053-0100007fa132,00060,Z,Mid-section,2019-06-03 19:10:00+00:00,,2025-06-24 01:55:25.307280+00:00,USGS-12045500,1550,ft^3/s,None,Approved,USGS
-123.58321362238982,48.05478017852923,3f4a04f8-e700-4805-a3af-9353cdbd8e1d,00060,Z,Mid-section,2021-03-08 22:11:00+00:00,,2025-06-24 01:55:25.307280+00:00,USGS-12045500,1170,ft^3/s,None,Approved,USGS
-123.58321362238982,48.05478017852923,4aa539f3-3f87-bad4-e053-0100007f722b,00060,Z,Mid-section,2008-08-05 21:28:00+00:00,,2025-06-24 01:55:25.307280+00:00,USGS-12045500,836,ft^3/s,None,Approved,USGS
-123.58321362238982,48.05478017852923,4aa51800-a03d-ad38-e053-0100007fc0d6,00060,Z,Unspecified,1994-04-09 22:15:00+00:00,,2025-06-24 01:55:25.307280+00:00,USGS-12045500,2170,ft^3/s,None,Approved,USGS
-123.58321362238982,48.05478017852923,349b8cce-8ec7-4faf-af27-f9bca3af4544,00060,Z,Acoustic Doppler Current Profiler,2023-01-26 20:12:30+00:00,,2025-06-24 01:55:25.307280+00:00,USGS-12045500,1370,ft^3/s,None,Approved,USGS
-123.58321362238982,48.05478017852923,4aa5226a-ea07-b159-e053-0100007fdd11,00060,Z,Mid-section,2014-08-18 22:40:30+00:00,,2025-06-24 01:55:25.307280+00:00,USGS-12045500,526,ft^3/s,None,Approved,USGS
-123.58321362238982,48.05478017852923,4aa52ba6-a52b-b4f1-e053-0100007ffe1d,00060,Z,Mid-section,2013-04-04 20:13:00+00:00,,2025-06-24 01:55:25.307280+00:00,USGS-12045500,1670,ft^3/s,None,Approved,USGS
-123.58321362238982,48.05478017852923,4aa51207-404f-aad7-e053-0100007f466f,00060,Z,Unspecified,1994-12-16 15:55:00+00:00,,2025-06-24 01:55:25.307280+00:00,USGS-12045500,803,ft^3/s,None,Approved,USGS
-123.58321362238982,48.05478017852923,4aa52f4d-c898-b71a-e053-0100007fd581,00060,Z,Unspecified,2005-12-05 19:45:00+00:00,,2025-06-24 01:55:25.307280+00:00,USGS-12045500,579,ft^3/s,None,Approved,USGS
-123.58321362238982,48.05478017852923,e5de2216-5994-4d00-9cb1-971a6f87385a,00060,Z,Mid-section,2021-06-14 21:27:00+00:00,,2025-06-24 01:55:25.307280+00:00,USGS-12045500,2690,ft^3/s,None,Approved,USGS
-123.58321362238982,48.05478017852923,4aa5290e-7150-b38e-e053-0100007f0dc8,00060,Z,Unspecified,2007-12-05 17:26:00+00:00,,2025-06-24 01:55:25.307280+00:00,USGS-12045500,7580,ft^3/s,None,Approved,USGS
-123.58321362238982,48.05478017852923,4aa52bd3-2e2e-b505-e053-0100007f2103,00060,Z,Unspecified,2008-02-19 20:04:00+00:00,,2025-06-24 01:55:25.307280+00:00,USGS-12045500,654,ft^3/s,None,Approved,USGS
-123.58321362238982,48.05478017852923,4aa51800-a04b-ad38-e053-0100007fc0d6,00060,Z,Unspecified,1996-08-15 22:02:00+00:00,,2025-06-24 01:55:25.307280+00:00,USGS-12045500,442,ft^3/s,None,Approved,USGS
-123.58321362238982,48.05478017852923,2e635840-c1d8-42de-942f-f780dd4507c3,00060,Z,Acoustic Doppler Current Profiler,2022-03-07 22:47:45+00:00,,2025-06-24 01:55:25.307280+00:00,USGS-12045500,1610,ft^3/s,None,Approved,USGS
-123.58321362238982,48.05478017852923,4aa521c1-2aac-b145-e053-0100007f79a0,00060,Z,Mid-section,2015-07-13 21:13:00+00:00,,2025-06-24 01:55:25.307280+00:00,USGS-12045500,360,ft^3/s,None,Approved,USGS
-123.58321362238982,48.05478017852923,4aa500d3-448a-a3be-e053-0100007f9ed9,00060,Z,Unspecified,1991-04-04 15:45:00+00:00,,2025-06-24 01:55:25.307280+00:00,USGS-12045500,4350,ft^3/s,None,Approved,USGS
-123.58321362238982,48.05478017852923,4aa52bc8-95ea-b519-e053-0100007fc9eb,00060,Z,Unspecified,1992-04-09 22:05:00+00:00,,2025-06-24 01:55:25.307280+00:00,USGS-12045500,857,ft^3/s,None,Approved,USGS
-123.58321362238982,48.05478017852923,4aa53b47-0ed6-bb82-e053-0100007f9619,00060,Z,Mid-section,2016-04-11 17:47:00+00:00,,2025-06-24 01:55:25.307280+00:00,USGS-12045500,2150,ft^3/s,None,Approved,USGS
-123.58321362238982,48.05478017852923,4aa528da-7bdb-b3c6-e053-0100007f3c3f,00060,Z,None,1979-01-15 08:00:00+00:00,,2025-06-24 01:55:25.307280+00:00,USGS-12045500,440,ft^3/s,None,Approved,USGS
-123.58321362238982,48.05478017852923,4aa521f6-d56f-b155-e053-0100007fdfa5,00060,Z,Unspecified,1996-05-08 18:48:00+00:00,,2025-06-24 01:55:25.307280+00:00,USGS-12045500,1120,ft^3/s,None,Approved,USGS
-123.58321362238982,48.05478017852923,4aa51207-4079-aad7-e053-0100007f466f,00060,Z,Mid-section,2009-11-17 22:40:00+00:00,,2025-06-24 01:55:25.307280+00:00,USGS-12045500,9780,ft^3/s,None,Approved,USGS
-123.58321362238982,48.05478017852923,4aa52bd7-aa86-b507-e053-0100007ffb4d,00060,Z,None,1978-10-31 08:00:00+00:00,,2025-06-24 01:55:25.307280+00:00,USGS-12045500,407,ft^3/s,None,Approved,USGS
-123.58321362238982,48.05478017852923,4aa53a58-daaf-baee-e053-0100007fa73f,00060,Z,None,1918-09-23 09:15:00+00:00,,2025-06-24 01:55:25.307280+00:00,USGS-12045500,346,ft^3/s,None,Approved,USGS
-123.58321362238982,48.05478017852923,66fd71b0-4e0e-fbe0-e053-0100007f07e8,00060,Z,Mid-section,2018-03-06 17:48:00+00:00,,2025-06-24 01:55:25.307280+00:00,USGS-12045500,769,ft^3/s,None,Approved,USGS
-123.58321362238982,48.05478017852923,4aa5286d-7dae-b396-e053-0100007f10ae,00060,Z,Unspecified,2002-04-03 18:13:00+00:00,,2025-06-24 01:55:25.307280+00:00,USGS-12045500,936,ft^3/s,None,Approved,USGS
-123.58321362238982,48.05478017852923,b3cc500c-dba8-4795-8698-9253e0ef18cc,00060,Z,Acoustic Doppler Current Profiler,2021-01-16 16:44:51+00:00,,2025-06-24 01:55:25.307280+00:00,USGS-12045500,3570,ft^3/s,None,Approved,USGS
-123.58321362238982,48.05478017852923,4aa52ba2-380a-b4ff-e053-0100007f53d8,00060,Z,Unspecified,1988-04-14 07:00:00+00:00,,2025-06-24 01:55:25.307280+00:00,USGS-12045500,2350,ft^3/s,None,Approved,USGS
-123.58321362238982,48.05478017852923,4aa52947-04ff-b366-e053-0100007f77c2,00060,Z,Unspecified,1999-10-06 00:30:00+00:00,,2025-06-24 01:55:25.307280+00:00,USGS-12045500,506,ft^3/s,None,Approved,USGS
-123.58321362238982,48.05478017852923,87e9e4b5-2405-4395-a8c4-530a4da703ff,00060,Z,Acoustic Doppler Current Profiler,2025-06-23 20:45:16+00:00,,2025-09-08 22:05:23.284926+00:00,USGS-12045500,1150,ft^3/s,None,Approved,USGS
-123.58321362238982,48.05478017852923,4aa528da-7c17-b3c6-e053-0100007f3c3f,00060,Z,Mid-section,2015-05-04 20:24:00+00:00,,2025-06-24 01:55:25.307280+00:00,USGS-12045500,766,ft^3/s,None,Approved,USGS
-123.58321362238982,48.05478017852923,4aa53053-0fe1-b763-e053-0100007ffac8,00060,Z,Unspecified,1997-07-02 22:24:00+00:00,,2025-06-24 01:55:25.307280+00:00,USGS-12045500,1980,ft^3/s,None,Approved,USGS
-123.58321362238982,48.05478017852923,4aa5286e-8c62-b394-e053-0100007f1e19,00060,Z,Unspecified,2001-12-04 18:40:00+00:00,,2025-06-24 01:55:25.307280+00:00,USGS-12045500,1470,ft^3/s,None,Approved,USGS
-123.58321362238982,48.05478017852923,4aa52b4c-ca08-b4ed-e053-0100007f8ef7,00060,Z,Unspecified,2006-07-06 22:20:00+00:00,,2025-06-24 01:55:25.307280+00:00,USGS-12045500,1570,ft^3/s,None,Approved,USGS
-123.58321362238982,48.05478017852923,5df4faa3-5f34-d526-e053-0100007f94ad,00060,Z,Mid-section,2017-05-01 19:16:30+00:00,,2025-06-24 01:55:25.307280+00:00,USGS-12045500,1410,ft^3/s,None,Approved,USGS
-123.58321362238982,48.05478017852923,4aa524c6-18b5-b237-e053-0100007fb5a3,00060,Z,Unspecified,1995-09-13 17:55:00+00:00,,2025-06-24 01:55:25.307280+00:00,USGS-12045500,364,ft^3/s,None,Approved,USGS
-123.58321362238982,48.05478017852923,4aa519d6-4f89-ae0b-e053-0100007f3aa0,00060,Z,None,1981-08-05 07:00:00+00:00,,2025-06-24 01:55:25.307280+00:00,USGS-12045500,535,ft^3/s,None,Approved,USGS
-123.58321362238982,48.05478017852923,4aa52ba6-a53c-b4f1-e053-0100007ffe1d,00060,Z,Mid-section,2016-11-28 22:47:00+00:00,,2025-06-24 01:55:25.307280+00:00,USGS-12045500,3040,ft^3/s,None,Approved,USGS
-123.58321362238982,48.05478017852923,4aa52832-8a1f-b390-e053-0100007f451a,00060,Z,Unspecified,1997-05-13 22:07:00+00:00,,2025-06-24 01:55:25.307280+00:00,USGS-12045500,4520,ft^3/s,None,Approved,USGS
-123.58321362238982,48.05478017852923,6ae95b0c-4242-470c-bf03-9b933e4deadf,00060,Z,Mid-section,2020-05-04 20:43:30+00:00,,2025-06-24 01:55:25.307280+00:00,USGS-12045500,1750,ft^3/s,None,Approved,USGS
-123.58321362238982,48.05478017852923,4aa5280f-ed59-b38c-e053-0100007f2f49,00060,Z,Unspecified,1997-01-02 19:20:00+00:00,,2025-06-24 01:55:25.307280+00:00,USGS-12045500,8140,ft^3/s,None,Approved,USGS
-123.58321362238982,48.05478017852923,4aa53db6-59d3-bc25-e053-0100007fe096,00060,Z,None,1918-08-12 09:15:00+00:00,,2025-06-24 01:55:25.307280+00:00,USGS-12045500,650,ft^3/s,None,Approved,USGS
-123.58321362238982,48.05478017852923,4aa51d70-7bfc-afa9-e053-0100007f9075,00060,Z,Unspecified,1992-02-12 22:15:00+00:00,,2025-06-24 01:55:25.307280+00:00,USGS-12045500,1790,ft^3/s,None,Approved,USGS
-123.58321362238982,48.05478017852923,4aa51207-403e-aad7-e053-0100007f466f,00060,Z,None,1984-10-25 07:00:00+00:00,,2025-06-24 01:55:25.307280+00:00,USGS-12045500,2270,ft^3/s,None,Approved,USGS
-123.58321362238982,48.05478017852923,4aa53b6f-94ea-bb84-e053-0100007f95f6,00060,Z,Mid-section,2013-06-11 18:50:30+00:00,,2025-06-24 01:55:25.307280+00:00,USGS-12045500,2050,ft^3/s,None,Approved,USGS
-123.58321362238982,48.05478017852923,4aa5246d-4bad-b23f-e053-0100007ff63b,00060,Z,Unspecified,2006-05-03 22:40:00+00:00,,2025-06-24 01:55:25.307280+00:00,USGS-12045500,1200,ft^3/s,None,Approved,USGS
-123.58321362238982,48.05478017852923,4aa51d1a-a7a0-af91-e053-0100007fdbb3,00060,Z,Acoustic Doppler Current Profiler,2008-12-10 22:47:00+00:00,,2025-06-24 01:55:25.307280+00:00,USGS-12045500,965,ft^3/s,None,Approved,USGS
-123.58321362238982,48.05478017852923,4aa50c15-1a9c-a879-e053-0100007f82e0,00060,Z,None,1985-12-12 08:00:00+00:00,,2025-06-24 01:55:25.307280+00:00,USGS-12045500,4190,ft^3/s,None,Approved,USGS
-123.58321362238982,48.05478017852923,5f351a1f-4832-f9ae-e053-0100007fda28,00060,Z,Mid-section,2017-11-29 16:53:00+00:00,,2025-06-24 01:55:25.307280+00:00,USGS-12045500,3580,ft^3/s,None,Approved,USGS
-123.58321362238982,48.05478017852923,4aa507cb-03d9-a6ad-e053-0100007f10a7,00060,Z,None,1979-12-14 08:00:00+00:00,,2025-06-24 01:55:25.307280+00:00,USGS-12045500,14700,ft^3/s,None,Approved,USGS
-123.58321362238982,48.05478017852923,4aa51207-4044-aad7-e053-0100007f466f,00060,Z,Unspecified,1990-11-29 00:16:00+00:00,,2025-06-24 01:55:25.307280+00:00,USGS-12045500,2860,ft^3/s,None,Approved,USGS
-123.58321362238982,48.05478017852923,c0f384e8-a329-41ec-b7f0-ce6255ba1b56,00060,Z,Mid-section,2021-08-02 20:39:00+00:00,,2025-06-24 01:55:25.307280+00:00,USGS-12045500,722,ft^3/s,None,Approved,USGS
-123.58321362238982,48.05478017852923,4aa51730-2199-ac8f-e053-0100007fa02a,00060,Z,Unspecified,2000-10-06 16:26:00+00:00,,2025-06-24 01:55:25.307280+00:00,USGS-12045500,327,ft^3/s,None,Approved,USGS
-123.58321362238982,48.05478017852923,c1070df6-5bf2-4350-9043-c041994d98f9,00060,Z,Acoustic Doppler Current Profiler,2022-06-27 23:20:22+00:00,,2025-06-24 01:55:25.307280+00:00,USGS-12045500,2520,ft^3/s,None,Approved,USGS
-123.58321362238982,48.05478017852923,4aa52465-7009-b1c5-e053-0100007fd967,00060,Z,Unspecified,2007-12-04 22:35:00+00:00,,2025-06-24 01:55:25.307280+00:00,USGS-12045500,15900,ft^3/s,None,Approved,USGS
-123.58321362238982,48.05478017852923,d926e88f-2145-4896-90d4-2db04818c9e7,00060,Z,Mid-section,2019-11-19 21:58:00+00:00,,2025-06-24 01:55:25.307280+00:00,USGS-12045500,951,ft^3/s,None,Approved,USGS
-123.58321362238982,48.05478017852923,4aa520ca-d648-afa7-e053-0100007fb497,00060,Z,Unspecified,2001-03-22 22:03:00+00:00,,2025-06-24 01:55:25.307280+00:00,USGS-12045500,873,ft^3/s,None,Approved,USGS
-123.58321362238982,48.05478017852923,4aa515fc-a3a4-ac7d-e053-0100007f11e8,00060,Z,None,1986-08-22 07:00:00+00:00,,2025-06-24 01:55:25.307280+00:00,USGS-12045500,475,ft^3/s,None,Approved,USGS
-123.58321362238982,48.05478017852923,4aa52f92-15e8-b71c-e053-0100007f9968,00060,Z,Mid-section,2012-02-28 22:18:30+00:00,,2025-06-24 01:55:25.307280+00:00,USGS-12045500,1410,ft^3/s,None,Approved,USGS
-123.58321362238982,48.05478017852923,4aa52222-7cea-b157-e053-0100007fff33,00060,Z,Mid-section,2014-11-12 20:39:00+00:00,,2025-06-24 01:55:25.307280+00:00,USGS-12045500,1700,ft^3/s,None,Approved,USGS
-123.58321362238982,48.05478017852923,4aa52b8b-3197-b503-e053-0100007f2eb1,00060,Z,Unspecified,1993-09-30 20:25:00+00:00,,2025-06-24 01:55:25.307280+00:00,USGS-12045500,323,ft^3/s,None,Approved,USGS
-123.58321362238982,48.05478017852923,4aa5235e-9444-b1bd-e053-0100007f4764,00060,Z,None,1979-09-12 07:00:00+00:00,,2025-06-24 01:55:25.307280+00:00,USGS-12045500,577,ft^3/s,None,Approved,USGS
-123.58321362238982,48.05478017852923,4aa52ba6-a51e-b4f1-e053-0100007ffe1d,00060,Z,Mid-section,2008-10-10 17:08:00+00:00,,2025-06-24 01:55:25.307280+00:00,USGS-12045500,612,ft^3/s,None,Approved,USGS
-123.58321362238982,48.05478017852923,4aa520ca-d637-afa7-e053-0100007fb497,00060,Z,None,1979-04-17 08:00:00+00:00,,2025-06-24 01:55:25.307280+00:00,USGS-12045500,850,ft^3/s,None,Approved,USGS
-123.58321362238982,48.05478017852923,4aa50f52-b54a-a9d8-e053-0100007fe646,00060,Z,None,1977-12-12 08:00:00+00:00,,2025-06-24 01:55:25.307280+00:00,USGS-12045500,6090,ft^3/s,None,Approved,USGS
-123.58321362238982,48.05478017852923,4aa521b0-2460-b143-e053-0100007f35b9,00060,Z,None,1986-01-22 08:00:00+00:00,,2025-06-24 01:55:25.307280+00:00,USGS-12045500,1630,ft^3/s,None,Approved,USGS
-123.58321362238982,48.05478017852923,4aa523ad-dc45-b1c9-e053-0100007f4273,00060,Z,Unspecified,2004-05-13 15:30:00+00:00,,2025-06-24 01:55:25.307280+00:00,USGS-12045500,1300,ft^3/s,None,Approved,USGS
-123.58321362238982,48.05478017852923,4aa51d1a-a7a1-af91-e053-0100007fdbb3,00060,Z,Mid-section,2009-07-14 21:23:00+00:00,,2025-06-24 01:55:25.307280+00:00,USGS-12045500,790,ft^3/s,None,Approved,USGS
-123.58321362238982,48.05478017852923,4aa51a73-9eff-ade1-e053-0100007f7e49,00060,Z,Unspecified,2002-07-23 16:15:00+00:00,,2025-06-24 01:55:25.307280+00:00,USGS-12045500,938,ft^3/s,None,Approved,USGS
-123.58321362238982,48.05478017852923,c9cd9c75-2411-4104-a42d-a4feef827d3e,00060,Z,Mid-section,2021-11-16 16:41:30+00:00,,2025-06-24 01:55:25.307280+00:00,USGS-12045500,9250,ft^3/s,None,Approved,USGS
-123.58321362238982,48.05478017852923,4aa50415-5e0f-a533-e053-0100007fbe72,00060,Z,Unspecified,1977-12-03 08:00:00+00:00,,2025-06-24 01:55:25.307280+00:00,USGS-12045500,4010,ft^3/s,None,Approved,USGS
-123.58321362238982,48.05478017852923,4aa51207-4044-aad7-e053-0100007f466f,00060,Z,Unspecified,1990-11-29 21:33:00+00:00,,2025-06-24 01:55:25.307280+00:00,USGS-12045500,5950,ft^3/s,None,Approved,USGS
-123.58321362238982,48.05478017852923,4aa53897-957b-ba56-e053-0100007f6a3f,00060,Z,Unspecified,2007-01-30 19:15:00+00:00,,2025-06-24 01:55:25.307280+00:00,USGS-12045500,1130,ft^3/s,None,Approved,USGS
-123.58321362238982,48.05478017852923,4aa52b6c-44db-b4ef-e053-0100007f84a1,00060,Z,Acoustic Doppler Current Profiler,2008-05-13 19:51:00+00:00,,2025-06-24 01:55:25.307280+00:00,USGS-12045500,1330,ft^3/s,None,Approved,USGS
-123.58321362238982,48.05478017852923,4aa521c1-2a84-b145-e053-0100007f79a0,00060,Z,Unspecified,1987-08-14 15:17:00+00:00,,2025-06-24 01:55:25.307280+00:00,USGS-12045500,550,ft^3/s,None,Approved,USGS
-123.58321362238982,48.05478017852923,4aa52ba6-a521-b4f1-e053-0100007ffe1d,00060,Z,Mid-section,2009-08-24 21:05:30+00:00,,2025-06-24 01:55:25.307280+00:00,USGS-12045500,378,ft^3/s,None,Approved,USGS
-123.58321362238982,48.05478017852923,4aa5286e-8c4b-b394-e053-0100007f1e19,00060,Z,None,1985-08-22 07:00:00+00:00,,2025-06-24 01:55:25.307280+00:00,USGS-12045500,416,ft^3/s,None,Approved,USGS
-123.58321362238982,48.05478017852923,4aa52816-508b-b38a-e053-0100007f0e82,00060,Z,Unspecified,1998-02-04 21:00:00+00:00,,2025-06-24 01:55:25.307280+00:00,USGS-12045500,1780,ft^3/s,None,Approved,USGS
-123.58321362238982,48.05478017852923,4aa52ba2-3814-b4ff-e053-0100007f53d8,00060,Z,Unspecified,1994-09-21 20:45:00+00:00,,2025-06-24 01:55:25.307280+00:00,USGS-12045500,353,ft^3/s,None,Approved,USGS
-123.58321362238982,48.05478017852923,d4d70f78-1c39-4a40-b632-3aa80aa5ae00,00060,Z,Acoustic Doppler Current Profiler,2025-03-03 23:43:58+00:00,,2025-06-24 01:55:25.307280+00:00,USGS-12045500,1450,ft^3/s,None,Approved,USGS
-123.58321362238982,48.05478017852923,4aa500d3-447b-a3be-e053-0100007f9ed9,00060,Z,None,1979-06-07 07:00:00+00:00,,2025-06-24 01:55:25.307280+00:00,USGS-12045500,1660,ft^3/s,None,Approved,USGS
-123.58321362238982,48.05478017852923,6cd2d629-ed0d-5105-e053-0100007f8c85,00060,Z,Mid-section,2018-05-14 22:18:00+00:00,,2025-06-24 01:55:25.307280+00:00,USGS-12045500,3180,ft^3/s,None,Approved,USGS
-123.58321362238982,48.05478017852923,4aa520d0-efb0-b0e8-e053-0100007fc300,00060,Z,None,1985-01-09 08:00:00+00:00,,2025-06-24 01:55:25.307280+00:00,USGS-12045500,502,ft^3/s,None,Approved,USGS
-123.58321362238982,48.05478017852923,4aa52878-d997-b3c4-e053-0100007f0aa8,00060,Z,None,1980-08-13 07:00:00+00:00,,2025-06-24 01:55:25.307280+00:00,USGS-12045500,473,ft^3/s,None,Approved,USGS
-123.58321362238982,48.05478017852923,9d902c03-73c9-4f5a-aabe-d3cdffc6eae2,00060,Z,Mid-section,2020-07-06 22:53:30+00:00,,2025-06-24 01:55:25.307280+00:00,USGS-12045500,999,ft^3/s,None,Approved,USGS
-123.58321362238982,48.05478017852923,4aa53053-0fe4-b763-e053-0100007ffac8,00060,Z,Unspecified,2000-03-27 19:00:00+00:00,,2025-06-24 01:55:25.307280+00:00,USGS-12045500,814,ft^3/s,None,Approved,USGS
-123.58321362238982,48.05478017852923,4aa521c1-2a92-b145-e053-0100007f79a0,00060,Z,Unspecified,2001-10-02 19:01:00+00:00,,2025-06-24 01:55:25.307280+00:00,USGS-12045500,386,ft^3/s,None,Approved,USGS
-123.58321362238982,48.05478017852923,4f0dda22-57b1-4a40-9bcd-1f4fe9cfc04f,00060,Z,Acoustic Doppler Current Profiler,2023-08-16 21:23:54+00:00,,2025-06-24 01:55:25.307280+00:00,USGS-12045500,373,ft^3/s,None,Approved,USGS
-123.58321362238982,48.05478017852923,4aa51f74-f0cb-b072-e053-0100007fd4f7,00060,Z,None,1983-05-04 07:00:00+00:00,,2025-06-24 01:55:25.307280+00:00,USGS-12045500,1500,ft^3/s,None,Approved,USGS
-123.58321362238982,48.05478017852923,4aa52b4c-ca20-b4ed-e053-0100007f8ef7,00060,Z,Mid-section,2013-08-07 18:02:30+00:00,,2025-06-24 01:55:25.307280+00:00,USGS-12045500,766,ft^3/s,None,Approved,USGS
-123.58321362238982,48.05478017852923,4aa51319-f73d-ab41-e053-0100007f56d7,00060,Z,None,1979-11-14 08:00:00+00:00,,2025-06-24 01:55:25.307280+00:00,USGS-12045500,571,ft^3/s,None,Approved,USGS
-123.58321362238982,48.05478017852923,4aa521f6-d578-b155-e053-0100007fdfa5,00060,Z,Unspecified,1999-04-03 00:00:00+00:00,,2025-06-24 01:55:25.307280+00:00,USGS-12045500,1160,ft^3/s,None,Approved,USGS
-123.58321362238982,48.05478017852923,c16a30c0-2471-4d63-901b-7fb08753d78e,00060,Z,Mid-section,2021-11-01 21:43:30+00:00,,2025-06-24 01:55:25.307280+00:00,USGS-12045500,2120,ft^3/s,None,Approved,USGS
-123.58321362238982,48.05478017852923,4aa51207-4084-aad7-e053-0100007f466f,00060,Z,Mid-section,2013-05-30 16:36:00+00:00,,2025-06-24 01:55:25.307280+00:00,USGS-12045500,2090,ft^3/s,None,Approved,USGS
-123.58321362238982,48.05478017852923,59c82ee9-d77f-4597-8739-29ff9bc1da77,00060,Z,Mid-section,2023-06-15 23:07:30+00:00,,2025-06-24 01:55:25.307280+00:00,USGS-12045500,1160,ft^3/s,None,Approved,USGS
-123.58321362238982,48.05478017852923,4aa500d3-447e-a3be-e053-0100007f9ed9,00060,Z,None,1980-10-10 07:00:00+00:00,,2025-06-24 01:55:25.307280+00:00,USGS-12045500,420,ft^3/s,None,Approved,USGS
-123.58321362238982,48.05478017852923,4aa528d4-a421-b3dd-e053-0100007fc9af,00060,Z,Unspecified,1991-05-16 14:15:00+00:00,,2025-06-24 01:55:25.307280+00:00,USGS-12045500,1310,ft^3/s,None,Approved,USGS
-123.58321362238982,48.05478017852923,4aa52222-7cdb-b157-e053-0100007fff33,00060,Z,Unspecified,1998-06-17 18:10:00+00:00,,2025-06-24 01:55:25.307280+00:00,USGS-12045500,1730,ft^3/s,None,Approved,USGS
-123.58321362238982,48.05478017852923,4aa5286e-8c71-b394-e053-0100007f1e19,00060,Z,Mid-section,2009-12-15 23:27:30+00:00,,2025-06-24 01:55:25.307280+00:00,USGS-12045500,1120,ft^3/s,None,Approved,USGS
-123.58321362238982,48.05478017852923,4aa5286e-8c7b-b394-e053-0100007f1e19,00060,Z,Mid-section,2013-01-09 20:32:30+00:00,,2025-06-24 01:55:25.307280+00:00,USGS-12045500,3910,ft^3/s,None,Approved,USGS
-123.58321362238982,48.05478017852923,5539cfe8-7343-4db5-a744-33e8c90084ec,00060,Z,Acoustic Doppler Current Profiler,2025-01-14 22:33:04+00:00,,2025-06-24 01:55:25.307280+00:00,USGS-12045500,1120,ft^3/s,None,Approved,USGS
-123.58321362238982,48.05478017852923,b1a083c0-c9c0-43a7-ab31-1fe47081373d,00060,Z,Mid-section,2021-04-26 21:03:00+00:00,,2025-06-24 01:55:25.307280+00:00,USGS-12045500,1490,ft^3/s,None,Approved,USGS
-123.58321362238982,48.05478017852923,e97b65dc-d8b2-4e9b-9465-46041520fdd7,00060,Z,Acoustic Doppler Current Profiler,2024-02-12 23:49:50+00:00,,2025-06-24 01:55:25.307280+00:00,USGS-12045500,1550,ft^3/s,None,Approved,USGS
-123.58321362238982,48.05478017852923,4aa51d1a-a774-af91-e053-0100007fdbb3,00060,Z,None,1982-10-01 07:00:00+00:00,,2025-06-24 01:55:25.307280+00:00,USGS-12045500,354,ft^3/s,None,Approved,USGS
-123.58321362238982,48.05478017852923,4aa53425-6b97-b848-e053-0100007f2e82,00060,Z,Mid-section,2015-11-14 17:54:30+00:00,,2025-06-24 01:55:25.307280+00:00,USGS-12045500,5300,ft^3/s,None,Approved,USGS
-123.58321362238982,48.05478017852923,4aa51207-4075-aad7-e053-0100007f466f,00060,Z,Unspecified,2007-06-28 16:01:00+00:00,,2025-06-24 01:55:25.307280+00:00,USGS-12045500,1880,ft^3/s,None,Approved,USGS
-123.58321362238982,48.05478017852923,4aa519b4-1cac-ae09-e053-0100007f86a8,00060,Z,Unspecified,1998-04-14 21:30:00+00:00,,2025-06-24 01:55:25.307280+00:00,USGS-12045500,763,ft^3/s,None,Approved,USGS
-123.58321362238982,48.05478017852923,4aa51207-4063-aad7-e053-0100007f466f,00060,Z,Unspecified,1999-12-08 19:40:00+00:00,,2025-06-24 01:55:25.307280+00:00,USGS-12045500,2320,ft^3/s,None,Approved,USGS
-123.58321362238982,48.05478017852923,4aa52c34-3953-b3a7-e053-0100007ffb0c,00060,Z,Unspecified,1996-02-29 23:00:00+00:00,,2025-06-24 01:55:25.307280+00:00,USGS-12045500,1270,ft^3/s,None,Approved,USGS
-123.58321362238982,48.05478017852923,4aa507cb-03e2-a6ad-e053-0100007f10a7,00060,Z,Unspecified,1993-04-22 20:55:00+00:00,,2025-06-24 01:55:25.307280+00:00,USGS-12045500,1240,ft^3/s,None,Approved,USGS
-123.58321362238982,48.05478017852923,4aa523ad-dc40-b1c9-e053-0100007f4273,00060,Z,Unspecified,2001-01-22 23:54:00+00:00,,2025-06-24 01:55:25.307280+00:00,USGS-12045500,947,ft^3/s,None,Approved,USGS
-123.58321362238982,48.05478017852923,4aa521f6-d554-b155-e053-0100007fdfa5,00060,Z,None,1982-01-14 08:00:00+00:00,,2025-06-24 01:55:25.307280+00:00,USGS-12045500,725,ft^3/s,None,Approved,USGS
-123.58321362238982,48.05478017852923,4aa527c4-5269-b35a-e053-0100007f7fe9,00060,Z,Unspecified,2005-08-01 20:55:00+00:00,,2025-06-24 01:55:25.307280+00:00,USGS-12045500,486,ft^3/s,None,Approved,USGS
-123.58321362238982,48.05478017852923,4aa5248a-4928-b241-e053-0100007f8f25,00060,Z,Unspecified,2006-09-06 20:00:00+00:00,,2025-06-24 01:55:25.307280+00:00,USGS-12045500,360,ft^3/s,None,Approved,USGS
-123.58321362238982,48.05478017852923,c873b38f-2e5c-4eb1-8e4d-392f8697500e,00060,Z,Mid-section,2023-12-15 00:50:30+00:00,,2025-06-24 01:55:25.307280+00:00,USGS-12045500,1610,ft^3/s,None,Approved,USGS
-123.58321362238982,48.05478017852923,4aa53b47-0ec5-bb82-e053-0100007f9619,00060,Z,Mid-section,2011-06-27 22:50:30+00:00,,2025-06-24 01:55:25.307280+00:00,USGS-12045500,2710,ft^3/s,None,Approved,USGS
-123.58321362238982,48.05478017852923,4aa500d3-4491-a3be-e053-0100007f9ed9,00060,Z,Unspecified,1994-04-15 16:07:00+00:00,,2025-06-24 01:55:25.307280+00:00,USGS-12045500,1310,ft^3/s,None,Approved,USGS
-123.58321362238982,48.05478017852923,24047e4e-325d-476f-ace8-465f6edfea9e,00060,Z,Mid-section,2021-09-27 20:17:00+00:00,,2025-06-24 01:55:25.307280+00:00,USGS-12045500,1320,ft^3/s,None,Approved,USGS
-123.58321362238982,48.05478017852923,4aa52947-051b-b366-e053-0100007f77c2,00060,Z,Mid-section,2012-12-12 23:17:30+00:00,,2025-06-24 01:55:25.307280+00:00,USGS-12045500,1820,ft^3/s,None,Approved,USGS
-123.58321362238982,48.05478017852923,7a940158-2fa1-6f87-e053-0100007fe6e0,00060,Z,Mid-section,2018-11-05 21:34:30+00:00,,2025-06-24 01:55:25.307280+00:00,USGS-12045500,1650,ft^3/s,None,Approved,USGS
-123.58321362238982,48.05478017852923,4aa523ad-dc36-b1c9-e053-0100007f4273,00060,Z,Unspecified,1997-02-25 22:44:00+00:00,,2025-06-24 01:55:25.307280+00:00,USGS-12045500,1300,ft^3/s,None,Approved,USGS
-123.58321362238982,48.05478017852923,4aa52f84-2947-b71e-e053-0100007f33ab,00060,Z,Mid-section,2013-12-10 18:55:30+00:00,,2025-06-24 01:55:25.307280+00:00,USGS-12045500,686,ft^3/s,None,Approved,USGS
-123.58321362238982,48.05478017852923,4aa52b6c-44fb-b4ef-e053-0100007f84a1,00060,Z,Acoustic Doppler Current Profiler,2016-05-10 16:19:57+00:00,,2025-06-24 01:55:25.307280+00:00,USGS-12045500,1900,ft^3/s,None,Approved,USGS
-123.58321362238982,48.05478017852923,fcfd411a-ef3b-4ea1-897f-7bdf042946e8,00060,Z,Mid-section,2020-09-28 20:03:30+00:00,,2025-06-24 01:55:25.307280+00:00,USGS-12045500,804,ft^3/s,None,Approved,USGS
-123.58321362238982,48.05478017852923,4aa52b6c-44d8-b4ef-e053-0100007f84a1,00060,Z,Unspecified,2006-10-02 21:15:00+00:00,,2025-06-24 01:55:25.307280+00:00,USGS-12045500,356,ft^3/s,None,Approved,USGS
-123.58321362238982,48.05478017852923,4aa51207-4041-aad7-e053-0100007f466f,00060,Z,Unspecified,1989-03-09 17:40:00+00:00,,2025-06-24 01:55:25.307280+00:00,USGS-12045500,872,ft^3/s,None,Approved,USGS
-123.58321362238982,48.05478017852923,4aa51d37-c98f-af85-e053-0100007f3916,00060,Z,Unspecified,1992-06-03 17:50:00+00:00,,2025-06-24 01:55:25.307280+00:00,USGS-12045500,1190,ft^3/s,None,Approved,USGS
-123.58321362238982,48.05478017852923,4aa539e7-cf26-ba58-e053-0100007fe254,00060,Z,Mid-section,2012-08-14 21:37:30+00:00,,2025-06-24 01:55:25.307280+00:00,USGS-12045500,920,ft^3/s,None,Approved,USGS
-123.58321362238982,48.05478017852923,4aa51207-404b-aad7-e053-0100007f466f,00060,Z,Unspecified,1993-12-10 16:30:00+00:00,,2025-06-24 01:55:25.307280+00:00,USGS-12045500,16100,ft^3/s,None,Approved,USGS
-123.58321362238982,48.05478017852923,57aace0a-9d17-ad07-e053-0100007faa5b,00060,Z,Mid-section,2017-08-25 15:47:00+00:00,,2025-06-24 01:55:25.307280+00:00,USGS-12045500,484,ft^3/s,None,Approved,USGS
-123.58321362238982,48.05478017852923,4aa52816-508a-b38a-e053-0100007f0e82,00060,Z,Unspecified,1997-04-16 18:28:00+00:00,,2025-06-24 01:55:25.307280+00:00,USGS-12045500,4910,ft^3/s,None,Approved,USGS
-123.58321362238982,48.05478017852923,4aa5307d-33d1-b765-e053-0100007f9710,00060,Z,Unspecified,1997-12-12 17:33:00+00:00,,2025-06-24 01:55:25.307280+00:00,USGS-12045500,1050,ft^3/s,None,Approved,USGS
-123.58321362238982,48.05478017852923,4aa53425-6b92-b848-e053-0100007f2e82,00060,Z,None,1918-09-24 09:15:00+00:00,,2025-06-24 01:55:25.307280+00:00,USGS-12045500,328,ft^3/s,None,Approved,USGS
-123.58321362238982,48.05478017852923,4aa50469-106f-a53a-e053-0100007f271b,00060,Z,None,1978-04-17 08:00:00+00:00,,2025-06-24 01:55:25.307280+00:00,USGS-12045500,1030,ft^3/s,None,Approved,USGS
-123.58321362238982,48.05478017852923,4aa52c3c-602b-b501-e053-0100007fc48e,00060,Z,Unspecified,1994-03-09 21:00:00+00:00,,2025-06-24 01:55:25.307280+00:00,USGS-12045500,1830,ft^3/s,None,Approved,USGS
-123.58321362238982,48.05478017852923,4aa51800-a06f-ad38-e053-0100007fc0d6,00060,Z,Mid-section,2016-01-12 17:19:30+00:00,,2025-06-24 01:55:25.307280+00:00,USGS-12045500,1060,ft^3/s,None,Approved,USGS
-123.58321362238982,48.05478017852923,4aa52f4d-c89f-b71a-e053-0100007fd581,00060,Z,Mid-section,2013-10-22 21:58:30+00:00,,2025-06-24 01:55:25.307280+00:00,USGS-12045500,659,ft^3/s,None,Approved,USGS
-123.58321362238982,48.05478017852923,664619e3-ddc6-447b-a2ac-4b9c672f1785,00060,Z,Acoustic Doppler Current Profiler,2024-11-13 00:14:18+00:00,,2025-06-24 01:55:25.307280+00:00,USGS-12045500,1730,ft^3/s,None,Approved,USGS
-123.58321362238982,48.05478017852923,4aa521f6-d54d-b155-e053-0100007fdfa5,00060,Z,None,1978-07-25 07:00:00+00:00,,2025-06-24 01:55:25.307280+00:00,USGS-12045500,1120,ft^3/s,None,Approved,USGS
-123.58321362238982,48.05478017852923,54b14dbf-6c38-e77e-e053-0100007f1d5d,00060,Z,Mid-section,2017-07-10 19:03:00+00:00,,2025-06-24 01:55:25.307280+00:00,USGS-12045500,1700,ft^3/s,None,Approved,USGS
-123.58321362238982,48.05478017852923,4aa51658-457b-ac7b-e053-0100007ffdf0,00060,Z,Unspecified,2004-10-04 22:15:00+00:00,,2025-06-24 01:55:25.307280+00:00,USGS-12045500,437,ft^3/s,None,Approved,USGS
-123.58321362238982,48.05478017852923,80ed3d21-0e26-4eed-8acc-79a0e976f754,00060,Z,Acoustic Doppler Current Profiler,2024-04-08 23:36:56+00:00,,2025-06-24 01:55:25.307280+00:00,USGS-12045500,998,ft^3/s,None,Approved,USGS
-123.58321362238982,48.05478017852923,4aa51d32-0a5f-af89-e053-0100007ff819,00060,Z,Unspecified,1991-12-12 16:45:00+00:00,,2025-06-24 01:55:25.307280+00:00,USGS-12045500,2420,ft^3/s,None,Approved,USGS
-123.58321362238982,48.05478017852923,4aa51d6b-24ad-afa5-e053-0100007fcb46,00060,Z,None,1981-07-07 07:00:00+00:00,,2025-06-24 01:55:25.307280+00:00,USGS-12045500,1020,ft^3/s,None,Approved,USGS
-123.58321362238982,48.05478017852923,4aa52c2d-a3cd-b517-e053-0100007f4962,00060,Z,None,1983-01-12 08:00:00+00:00,,2025-06-24 01:55:25.307280+00:00,USGS-12045500,2700,ft^3/s,None,Approved,USGS
-123.58321362238982,48.05478017852923,4aa540c3-765b-bde8-e053-0100007ff8e8,00060,Z,Mid-section,2016-06-09 15:47:30+00:00,,2025-06-24 01:55:25.307280+00:00,USGS-12045500,1680,ft^3/s,None,Approved,USGS
-123.58321362238982,48.05478017852923,4aa540be-4027-bdd4-e053-0100007ff4d6,00060,Z,Mid-section,2016-08-08 21:01:30+00:00,,2025-06-24 01:55:25.307280+00:00,USGS-12045500,503,ft^3/s,None,Approved,USGS
-123.58321362238982,48.05478017852923,4aa5286d-7da3-b396-e053-0100007f10ae,00060,Z,Unspecified,1954-02-20 08:00:00+00:00,,2025-06-24 01:55:25.307280+00:00,USGS-12045500,4950,ft^3/s,None,Approved,USGS
-123.58321362238982,48.05478017852923,1abe957c-1793-46dc-87e4-4ab38a6fe451,00060,Z,Acoustic Doppler Current Profiler,2024-10-07 20:55:58+00:00,,2025-06-24 01:55:25.307280+00:00,USGS-12045500,234,ft^3/s,None,Approved,USGS
-123.58321362238982,48.05478017852923,4aa528d4-a41e-b3dd-e053-0100007fc9af,00060,Z,None,1984-08-22 07:00:00+00:00,,2025-06-24 01:55:25.307280+00:00,USGS-12045500,813,ft^3/s,None,Approved,USGS
-123.58321362238982,48.05478017852923,4aa51b26-59e0-addd-e053-0100007fde53,00060,Z,Mid-section,2013-05-07 17:45:00+00:00,,2025-06-24 01:55:25.307280+00:00,USGS-12045500,3170,ft^3/s,None,Approved,USGS
-123.58321362238982,48.05478017852923,4aa51d32-0a55-af89-e053-0100007ff819,00060,Z,None,1983-09-20 07:00:00+00:00,,2025-06-24 01:55:25.307280+00:00,USGS-12045500,550,ft^3/s,None,Approved,USGS
-123.58321362238982,48.05478017852923,4aa51f74-f0e2-b072-e053-0100007fd4f7,00060,Z,Unspecified,2002-02-04 23:03:00+00:00,,2025-06-24 01:55:25.307280+00:00,USGS-12045500,1210,ft^3/s,None,Approved,USGS
-123.58321362238982,48.05478017852923,4aa51d37-c986-af85-e053-0100007f3916,00060,Z,None,1984-01-25 08:00:00+00:00,,2025-06-24 01:55:25.307280+00:00,USGS-12045500,4360,ft^3/s,None,Approved,USGS
-123.58321362238982,48.05478017852923,4aa504a0-e9bd-a595-e053-0100007f764b,00060,Z,Unspecified,1998-09-02 21:10:00+00:00,,2025-06-24 01:55:25.307280+00:00,USGS-12045500,382,ft^3/s,None,Approved,USGS
-123.58321362238982,48.05478017852923,50db9738-aec4-4769-a564-02c4f811b61b,00060,Z,Acoustic Doppler Current Profiler,2022-05-02 21:32:53+00:00,,2025-06-24 01:55:25.307280+00:00,USGS-12045500,1040,ft^3/s,None,Approved,USGS
-123.58321362238982,48.05478017852923,6ec8d59d-4bcc-49d4-a937-637be2449f03,00060,Z,Acoustic Doppler Current Profiler,2023-03-14 21:02:30+00:00,,2025-06-24 01:55:25.307280+00:00,USGS-12045500,702,ft^3/s,None,Approved,USGS
-123.58321362238982,48.05478017852923,4aa5115f-6f08-aade-e053-0100007f5fd0,00060,Z,Unspecified,1992-12-16 22:20:00+00:00,,2025-06-24 01:55:25.307280+00:00,USGS-12045500,733,ft^3/s,None,Approved,USGS
-123.58321362238982,48.05478017852923,4aa52ba7-b508-b515-e053-0100007f2c6d,00060,Z,Mid-section,2013-01-24 23:44:00+00:00,,2025-06-24 01:55:25.307280+00:00,USGS-12045500,1340,ft^3/s,None,Approved,USGS
-123.58321362238982,48.05478017852923,4aa50c15-1aa3-a879-e053-0100007f82e0,00060,Z,Unspecified,1994-10-06 15:45:00+00:00,,2025-06-24 01:55:25.307280+00:00,USGS-12045500,265,ft^3/s,None,Approved,USGS
-123.58321362238982,48.05478017852923,4aa51207-4069-aad7-e053-0100007f466f,00060,Z,Unspecified,2004-12-07 22:45:00+00:00,,2025-06-24 01:55:25.307280+00:00,USGS-12045500,801,ft^3/s,None,Approved,USGS
-123.58321362238982,48.05478017852923,4aa528d4-a456-b3dd-e053-0100007fc9af,00060,Z,Mid-section,2016-02-22 16:54:30+00:00,,2025-06-24 01:55:25.307280+00:00,USGS-12045500,2640,ft^3/s,None,Approved,USGS
-123.58321362238982,48.05478017852923,4aa51a8d-f23c-ade9-e053-0100007f8ebd,00060,Z,Unspecified,1955-02-08 08:00:00+00:00,,2025-06-24 01:55:25.307280+00:00,USGS-12045500,4270,ft^3/s,None,Approved,USGS
-123.58321362238982,48.05478017852923,4aa51b79-d053-adeb-e053-0100007fb2ed,00060,Z,Unspecified,2002-12-09 20:45:00+00:00,,2025-06-24 01:55:25.307280+00:00,USGS-12045500,536,ft^3/s,None,Approved,USGS
-123.58321362238982,48.05478017852923,4aa539cb-f7bf-babe-e053-0100007f3588,00060,Z,Unspecified,2007-11-28 21:18:00+00:00,,2025-06-24 01:55:25.307280+00:00,USGS-12045500,752,ft^3/s,None,Approved,USGS
-123.58321362238982,48.05478017852923,4aa53a78-58c8-baf0-e053-0100007facf8,00060,Z,Unspecified,2007-12-19 18:30:00+00:00,,2025-06-24 01:55:25.307280+00:00,USGS-12045500,1360,ft^3/s,None,Approved,USGS
-123.58321362238982,48.05478017852923,4aa52846-435c-b3ac-e053-0100007fddb4,00060,Z,Unspecified,2007-10-11 23:29:00+00:00,,2025-06-24 01:55:25.307280+00:00,USGS-12045500,943,ft^3/s,None,Approved,USGS
-123.58321362238982,48.05478017852923,3a2822f1-d31d-40f3-a238-95780eeefea5,00060,Z,Acoustic Doppler Current Profiler,2025-05-05 20:48:03+00:00,,2025-06-24 01:55:25.307280+00:00,USGS-12045500,1510,ft^3/s,None,Approved,USGS
-123.58321362238982,48.05478017852923,4aa5246d-4ba4-b23f-e053-0100007ff63b,00060,Z,Unspecified,1995-05-10 20:00:00+00:00,,2025-06-24 01:55:25.307280+00:00,USGS-12045500,1590,ft^3/s,None,Approved,USGS
-123.58321362238982,48.05478017852923,3ab8a8ac-a4de-4941-a493-fb9bd38d3cfa,00060,Z,Mid-section,2020-08-10 20:49:00+00:00,,2025-06-24 01:55:25.307280+00:00,USGS-12045500,514,ft^3/s,None,Approved,USGS
-123.58321362238982,48.05478017852923,4aa519ab-98ee-ae07-e053-0100007f054d,00060,Z,Unspecified,1999-01-25 21:54:00+00:00,,2025-06-24 01:55:25.307280+00:00,USGS-12045500,1550,ft^3/s,None,Approved,USGS
-123.58321362238982,48.05478017852923,4aa528d4-a41a-b3dd-e053-0100007fc9af,00060,Z,None,1949-11-26 08:00:00+00:00,,2025-06-24 01:55:25.307280+00:00,USGS-12045500,30100,ft^3/s,None,Approved,USGS
-123.58321362238982,48.05478017852923,4aa5290e-713a-b38e-e053-0100007f0dc8,00060,Z,Unspecified,2001-05-15 00:00:00+00:00,,2025-06-24 01:55:25.307280+00:00,USGS-12045500,1480,ft^3/s,None,Approved,USGS
-123.58321362238982,48.05478017852923,4aa52810-e09a-b398-e053-0100007f205c,00060,Z,Unspecified,1966-12-15 08:00:00+00:00,,2025-06-24 01:55:25.307280+00:00,USGS-12045500,4340,ft^3/s,None,Approved,USGS
-123.58321362238982,48.05478017852923,4aa5226a-ea05-b159-e053-0100007fdd11,00060,Z,Mid-section,2010-03-02 23:07:00+00:00,,2025-06-24 01:55:25.307280+00:00,USGS-12045500,1040,ft^3/s,None,Approved,USGS
-123.58321362238982,48.05478017852923,4aa5290e-713c-b38e-e053-0100007f0dc8,00060,Z,Unspecified,2002-10-04 19:25:00+00:00,,2025-06-24 01:55:25.307280+00:00,USGS-12045500,374,ft^3/s,None,Approved,USGS
-123.58321362238982,48.05478017852923,71476888-f384-9fa6-e053-0100007fa258,00060,Z,Mid-section,2018-07-09 20:30:30+00:00,,2025-06-24 01:55:25.307280+00:00,USGS-12045500,1020,ft^3/s,None,Approved,USGS
-123.58321362238982,48.05478017852923,4aa528d4-a43d-b3dd-e053-0100007fc9af,00060,Z,Mid-section,2010-12-08 23:28:30+00:00,,2025-06-24 01:55:25.307280+00:00,USGS-12045500,2430,ft^3/s,None,Approved,USGS
-123.58321362238982,48.05478017852923,4aa52b8b-31a3-b503-e053-0100007f2eb1,00060,Z,Mid-section,2012-10-25 15:30:00+00:00,,2025-06-24 01:55:25.307280+00:00,USGS-12045500,568,ft^3/s,None,Approved,USGS
-123.58321362238982,48.05478017852923,4aa530c7-e69c-b767-e053-0100007f3e4a,00060,Z,None,1918-09-30 09:15:00+00:00,,2025-06-24 01:55:25.307280+00:00,USGS-12045500,475,ft^3/s,None,Approved,USGS
-123.58321362238982,48.05478017852923,4aa51a50-9cd0-aded-e053-0100007ffd3e,00060,Z,None,1980-01-16 08:00:00+00:00,,2025-06-24 01:55:25.307280+00:00,USGS-12045500,2060,ft^3/s,None,Approved,USGS
-123.58321362238982,48.05478017852923,4aa52ba7-b512-b515-e053-0100007f2c6d,00060,Z,Mid-section,2014-11-26 17:50:29+00:00,,2025-06-24 01:55:25.307280+00:00,USGS-12045500,4300,ft^3/s,None,Approved,USGS
-123.58321362238982,48.05478017852923,4aa52f4d-c88e-b71a-e053-0100007fd581,00060,Z,Unspecified,1994-07-14 18:15:00+00:00,,2025-06-24 01:55:25.307280+00:00,USGS-12045500,964,ft^3/s,None,Approved,USGS
-123.58321362238982,48.05478017852923,4aa5307d-33c6-b765-e053-0100007f9710,00060,Z,Unspecified,1995-12-07 23:25:00+00:00,,2025-06-24 01:55:25.307280+00:00,USGS-12045500,1970,ft^3/s,None,Approved,USGS
-123.58321362238982,48.05478017852923,4aa521f6-d551-b155-e053-0100007fdfa5,00060,Z,None,1981-03-10 08:00:00+00:00,,2025-06-24 01:55:25.307280+00:00,USGS-12045500,1170,ft^3/s,None,Approved,USGS
-123.58321362238982,48.05478017852923,4aa53270-2ea4-b841-e053-0100007fe5d9,00060,Z,Unspecified,2005-10-03 20:55:00+00:00,,2025-06-24 01:55:25.307280+00:00,USGS-12045500,334,ft^3/s,None,Approved,USGS
-123.58321362238982,48.05478017852923,4aa52c3c-6048-b501-e053-0100007fc48e,00060,Z,Mid-section,2014-12-05 20:39:09+00:00,,2025-06-24 01:55:25.307280+00:00,USGS-12045500,1990,ft^3/s,None,Approved,USGS
-123.58321362238982,48.05478017852923,4aa52947-0503-b366-e053-0100007f77c2,00060,Z,Unspecified,2003-10-10 16:25:00+00:00,,2025-06-24 01:55:25.307280+00:00,USGS-12045500,546,ft^3/s,None,Approved,USGS
-123.58321362238982,48.05478017852923,4aa528b3-2ce8-b3c8-e053-0100007fb4e8,00060,Z,Unspecified,1991-09-18 18:55:00+00:00,,2025-06-24 01:55:25.307280+00:00,USGS-12045500,596,ft^3/s,None,Approved,USGS
-123.58321362238982,48.05478017852923,4aa520e5-c622-b0ea-e053-0100007f3721,00060,Z,Mid-section,2009-03-19 20:24:00+00:00,,2025-06-24 01:55:25.307280+00:00,USGS-12045500,660,ft^3/s,None,Approved,USGS
-123.58321362238982,48.05478017852923,4aa500d3-447f-a3be-e053-0100007f9ed9,00060,Z,None,1981-01-13 08:00:00+00:00,,2025-06-24 01:55:25.307280+00:00,USGS-12045500,1240,ft^3/s,None,Approved,USGS
-123.58321362238982,48.05478017852923,4aa5248a-492d-b241-e053-0100007f8f25,00060,Z,Mid-section,2011-12-01 22:57:30+00:00,,2025-06-24 01:55:25.307280+00:00,USGS-12045500,1950,ft^3/s,None,Approved,USGS
-123.58321362238982,48.05478017852923,4aa515fc-a3a8-ac7d-e053-0100007f11e8,00060,Z,Unspecified,1993-07-08 22:05:00+00:00,,2025-06-24 01:55:25.307280+00:00,USGS-12045500,810,ft^3/s,None,Approved,USGS
-123.58321362238982,48.05478017852923,919c7f1d-b1e7-4335-95ad-5492ee226112,00060,Z,Mid-section,2020-11-16 21:58:00+00:00,,2025-06-24 01:55:25.307280+00:00,USGS-12045500,1540,ft^3/s,None,Approved,USGS
-123.58321362238982,48.05478017852923,76b7cebd-f777-5c06-e053-0100007f17c3,00060,Z,Mid-section,2018-09-17 20:23:30+00:00,,2025-06-24 01:55:25.307280+00:00,USGS-12045500,580,ft^3/s,None,Approved,USGS
-123.58321362238982,48.05478017852923,4aa539e7-cf14-ba58-e053-0100007fe254,00060,Z,Unspecified,2007-05-04 16:10:00+00:00,,2025-06-24 01:55:25.307280+00:00,USGS-12045500,1320,ft^3/s,None,Approved,USGS
-123.58321362238982,48.05478017852923,4aa52f92-15f1-b71c-e053-0100007f9968,00060,Z,Mid-section,2014-12-30 20:22:18+00:00,,2025-06-24 01:55:25.307280+00:00,USGS-12045500,1650,ft^3/s,None,Approved,USGS
-123.58321362238982,48.05478017852923,4aa52817-19c9-b392-e053-0100007f3944,00060,Z,Mid-section,2013-03-20 18:44:30+00:00,,2025-06-24 01:55:25.307280+00:00,USGS-12045500,3410,ft^3/s,None,Approved,USGS
-123.58321362238982,48.05478017852923,4aa51d70-7bf7-afa9-e053-0100007f9075,00060,Z,None,1985-05-01 07:00:00+00:00,,2025-06-24 01:55:25.307280+00:00,USGS-12045500,1090,ft^3/s,None,Approved,USGS
-123.58321362238982,48.05478017852923,4aa51f74-f0e7-b072-e053-0100007fd4f7,00060,Z,Unspecified,2003-10-21 21:55:00+00:00,,2025-06-24 01:55:25.307280+00:00,USGS-12045500,10100,ft^3/s,None,Approved,USGS
-123.58321362238982,48.05478017852923,4aa52465-6fe0-b1c5-e053-0100007fd967,00060,Z,None,1982-11-29 08:00:00+00:00,,2025-06-24 01:55:25.307280+00:00,USGS-12045500,1970,ft^3/s,None,Approved,USGS
-123.58321362238982,48.05478017852923,4aa51d1a-a793-af91-e053-0100007fdbb3,00060,Z,Unspecified,2000-02-03 22:23:00+00:00,,2025-06-24 01:55:25.307280+00:00,USGS-12045500,1390,ft^3/s,None,Approved,USGS
-123.58321362238982,48.05478017852923,4aa52b6c-44f6-b4ef-e053-0100007f84a1,00060,Z,Mid-section,2015-10-20 15:24:30+00:00,,2025-06-24 01:55:25.307280+00:00,USGS-12045500,337,ft^3/s,None,Approved,USGS
-123.58321362238982,48.05478017852923,4aa52ba2-380c-b4ff-e053-0100007f53d8,00060,Z,Unspecified,1990-04-25 19:15:00+00:00,,2025-06-24 01:55:25.307280+00:00,USGS-12045500,1990,ft^3/s,None,Approved,USGS
-123.58321362238982,48.05478017852923,4aa5286e-8c53-b394-e053-0100007f1e19,00060,Z,Unspecified,1994-04-21 17:45:00+00:00,,2025-06-24 01:55:25.307280+00:00,USGS-12045500,1800,ft^3/s,None,Approved,USGS
-123.58321362238982,48.05478017852923,4aa521f6-d577-b155-e053-0100007fdfa5,00060,Z,Unspecified,1998-12-04 17:30:00+00:00,,2025-06-24 01:55:25.307280+00:00,USGS-12045500,1460,ft^3/s,None,Approved,USGS
-123.58321362238982,48.05478017852923,89af74cb-3a49-4799-8a53-7d86185a9342,00060,Z,Mid-section,2020-03-09 20:27:00+00:00,,2025-06-24 01:55:25.307280+00:00,USGS-12045500,833,ft^3/s,None,Approved,USGS
-123.58321362238982,48.05478017852923,4aa5246d-4baf-b23f-e053-0100007ff63b,00060,Z,Unspecified,2006-12-05 21:35:00+00:00,,2025-06-24 01:55:25.307280+00:00,USGS-12045500,1260,ft^3/s,None,Approved,USGS
-123.58321362238982,48.05478017852923,4aa52b6c-44ce-b4ef-e053-0100007f84a1,00060,Z,Unspecified,1999-07-20 18:20:00+00:00,,2025-06-24 01:55:25.307280+00:00,USGS-12045500,3900,ft^3/s,None,Approved,USGS
-123.58321362238982,48.05478017852923,4aa51d6b-24b0-afa5-e053-0100007fcb46,00060,Z,None,1984-04-25 08:00:00+00:00,,2025-06-24 01:55:25.307280+00:00,USGS-12045500,979,ft^3/s,None,Approved,USGS
-123.58321362238982,48.05478017852923,4aa51930-d55a-adb0-e053-0100007fd86d,00060,Z,Unspecified,1961-01-12 08:00:00+00:00,,2025-06-24 01:55:25.307280+00:00,USGS-12045500,4400,ft^3/s,None,Approved,USGS
-123.58321362238982,48.05478017852923,4aa52465-6ff2-b1c5-e053-0100007fd967,00060,Z,Unspecified,2003-02-11 17:00:00+00:00,,2025-06-24 01:55:25.307280+00:00,USGS-12045500,1280,ft^3/s,None,Approved,USGS
-123.58321362238982,48.05478017852923,4aa53d9a-af98-bc3b-e053-0100007f0af9,00060,Z,Mid-section,2015-12-02 17:09:30+00:00,,2025-06-24 01:55:25.307280+00:00,USGS-12045500,1510,ft^3/s,None,Approved,USGS
-123.58321362238982,48.05478017852923,4aa52846-433c-b3ac-e053-0100007fddb4,00060,Z,None,1981-05-06 07:00:00+00:00,,2025-06-24 01:55:25.307280+00:00,USGS-12045500,1280,ft^3/s,None,Approved,USGS
-123.58321362238982,48.05478017852923,4aa530c7-e694-b767-e053-0100007f3e4a,00060,Z,Mid-section,2012-06-28 16:35:00+00:00,,2025-06-24 01:55:25.307280+00:00,USGS-12045500,2020,ft^3/s,None,Approved,USGS
-123.58321362238982,48.05478017852923,4aa52ba6-a51b-b4f1-e053-0100007ffe1d,00060,Z,Mid-section,2008-05-07 19:35:00+00:00,,2025-06-24 01:55:25.307280+00:00,USGS-12045500,1460,ft^3/s,None,Approved,USGS
-123.58321362238982,48.05478017852923,4aa5280f-ed71-b38c-e053-0100007f2f49,00060,Z,Mid-section,2010-10-08 16:29:30+00:00,,2025-06-24 01:55:25.307280+00:00,USGS-12045500,455,ft^3/s,None,Approved,USGS
-123.58321362238982,48.05478017852923,4aa5226a-e9f1-b159-e053-0100007fdd11,00060,Z,Unspecified,1995-02-15 17:30:00+00:00,,2025-06-24 01:55:25.307280+00:00,USGS-12045500,1530,ft^3/s,None,Approved,USGS
-123.58321362238982,48.05478017852923,4aa521a5-84c2-b141-e053-0100007fd5e3,00060,Z,Unspecified,2001-07-17 16:55:00+00:00,,2025-06-24 01:55:25.307280+00:00,USGS-12045500,772,ft^3/s,None,Approved,USGS
-123.58321362238982,48.05478017852923,4aa519b4-1ca2-ae09-e053-0100007f86a8,00060,Z,Unspecified,1953-01-14 08:00:00+00:00,,2025-06-24 01:55:25.307280+00:00,USGS-12045500,4570,ft^3/s,None,Approved,USGS
-123.58321362238982,48.05478017852923,4aa5286e-8c4f-b394-e053-0100007f1e19,00060,Z,Unspecified,1991-07-10 21:20:00+00:00,,2025-06-24 01:55:25.307280+00:00,USGS-12045500,1720,ft^3/s,None,Approved,USGS
-123.58321362238982,48.05478017852923,4aa52ba7-b50c-b515-e053-0100007f2c6d,00060,Z,None,1918-09-16 09:15:00+00:00,,2025-06-24 01:55:25.307280+00:00,USGS-12045500,477,ft^3/s,None,Approved,USGS
-123.58321362238982,48.05478017852923,4aa51d6b-24ae-afa5-e053-0100007fcb46,00060,Z,None,1982-05-18 07:00:00+00:00,,2025-06-24 01:55:25.307280+00:00,USGS-12045500,1970,ft^3/s,None,Approved,USGS
-123.58321362238982,48.05478017852923,4aa52bc8-95ec-b519-e053-0100007fc9eb,00060,Z,Unspecified,1994-12-01 00:08:00+00:00,,2025-06-24 01:55:25.307280+00:00,USGS-12045500,6500,ft^3/s,None,Approved,USGS
-123.58321362238982,48.05478017852923,4aa528dd-ae80-b3db-e053-0100007ff189,00060,Z,Unspecified,2004-02-27 17:05:00+00:00,,2025-06-24 01:55:25.307280+00:00,USGS-12045500,974,ft^3/s,None,Approved,USGS
-123.58321362238982,48.05478017852923,4aa521f6-d562-b155-e053-0100007fdfa5,00060,Z,Unspecified,1992-10-15 17:40:00+00:00,,2025-06-24 01:55:25.307280+00:00,USGS-12045500,365,ft^3/s,None,Approved,USGS
-123.58321362238982,48.05478017852923,0a5aa6c1-44aa-41c7-8b6c-25c4fc06b816,00060,Z,Acoustic Doppler Current Profiler,2022-10-21 17:22:56+00:00,,2025-06-24 01:55:25.307280+00:00,USGS-12045500,228,ft^3/s,None,Approved,USGS
-123.58321362238982,48.05478017852923,4aa53d9a-af97-bc3b-e053-0100007f0af9,00060,Z,Mid-section,2015-09-14 22:12:30+00:00,,2025-06-24 01:55:25.307280+00:00,USGS-12045500,295,ft^3/s,None,Approved,USGS
-123.58321362238982,48.05478017852923,dbdb3730-24d6-41c0-bd1d-617ea54fe804,00060,Z,Acoustic Doppler Current Profiler,2022-09-01 21:51:04+00:00,,2025-06-24 01:55:25.307280+00:00,USGS-12045500,431,ft^3/s,None,Approved,USGS
-123.58321362238982,48.05478017852923,4aa52ba6-a4f7-b4f1-e053-0100007ffe1d,00060,Z,None,1978-10-25 07:00:00+00:00,,2025-06-24 01:55:25.307280+00:00,USGS-12045500,454,ft^3/s,None,Approved,USGS
-123.58321362238982,48.05478017852923,4aa52ba6-a50d-b4f1-e053-0100007ffe1d,00060,Z,Unspecified,1999-05-21 18:35:00+00:00,,2025-06-24 01:55:25.307280+00:00,USGS-12045500,1700,ft^3/s,None,Approved,USGS
-123.58321362238982,48.05478017852923,4aa521a5-84b4-b141-e053-0100007fd5e3,00060,Z,None,1986-06-17 07:00:00+00:00,,2025-06-24 01:55:25.307280+00:00,USGS-12045500,1630,ft^3/s,None,Approved,USGS
-123.58321362238982,48.05478017852923,4aa52947-0500-b366-e053-0100007f77c2,00060,Z,Unspecified,2000-08-04 20:58:00+00:00,,2025-06-24 01:55:25.307280+00:00,USGS-12045500,1110,ft^3/s,None,Approved,USGS
-123.58321362238982,48.05478017852923,4aa52222-7cd6-b157-e053-0100007fff33,00060,Z,Unspecified,1996-10-24 18:15:00+00:00,,2025-06-24 01:55:25.307280+00:00,USGS-12045500,1800,ft^3/s,None,Approved,USGS
-123.58321362238982,48.05478017852923,4aa52f84-293e-b71e-e053-0100007f33ab,00060,Z,Unspecified,2005-02-17 22:30:00+00:00,,2025-06-24 01:55:25.307280+00:00,USGS-12045500,842,ft^3/s,None,Approved,USGS
-123.58321362238982,48.05478017852923,4aa50f0f-5e7a-a9e4-e053-0100007f5465,00060,Z,None,1983-03-09 08:00:00+00:00,,2025-06-24 01:55:25.307280+00:00,USGS-12045500,8160,ft^3/s,None,Approved,USGS
-123.58321362238982,48.05478017852923,4aa528d4-a44c-b3dd-e053-0100007fc9af,00060,Z,Mid-section,2015-02-04 19:37:00+00:00,,2025-06-24 01:55:25.307280+00:00,USGS-12045500,1250,ft^3/s,None,Approved,USGS
-123.58321362238982,48.05478017852923,4aa52816-5097-b38a-e053-0100007f0e82,00060,Z,Unspecified,2003-05-12 21:00:00+00:00,,2025-06-24 01:55:25.307280+00:00,USGS-12045500,1080,ft^3/s,None,Approved,USGS
-123.58321362238982,48.05478017852923,5df4f9e2-0a78-cd23-e053-0100007f84c6,00060,Z,Mid-section,2017-03-06 21:25:30+00:00,,2025-06-24 01:55:25.307280+00:00,USGS-12045500,1190,ft^3/s,None,Approved,USGS
-123.58321362238982,48.05478017852923,4aa521c1-2aa6-b145-e053-0100007f79a0,00060,Z,Mid-section,2014-04-04 18:55:30+00:00,,2025-06-24 01:55:25.307280+00:00,USGS-12045500,1530,ft^3/s,None,Approved,USGS
-123.58321362238982,48.05478017852923,4aa51b26-59e1-addd-e053-0100007fde53,00060,Z,Mid-section,2013-07-17 23:27:30+00:00,,2025-06-24 01:55:25.307280+00:00,USGS-12045500,1190,ft^3/s,None,Approved,USGS
-123.58321362238982,48.05478017852923,4aa5226a-e9df-b159-e053-0100007fdd11,00060,Z,None,1984-02-28 08:00:00+00:00,,2025-06-24 01:55:25.307280+00:00,USGS-12045500,1560,ft^3/s,None,Approved,USGS
-123.58321362238982,48.05478017852923,4aa50f0f-5e94-a9e4-e053-0100007f5465,00060,Z,Unspecified,2004-07-20 20:00:00+00:00,,2025-06-24 01:55:25.307280+00:00,USGS-12045500,781,ft^3/s,None,Approved,USGS
-123.58321362238982,48.05478017852923,8f3cc8d3-7bdc-40a5-e053-0100007f5016,00060,Z,Mid-section,2019-07-29 18:39:30+00:00,,2025-06-24 01:55:25.307280+00:00,USGS-12045500,446,ft^3/s,None,Approved,USGS
-123.58321362238982,48.05478017852923,4aa52b4c-ca06-b4ed-e053-0100007f8ef7,00060,Z,Unspecified,2006-02-09 19:55:00+00:00,,2025-06-24 01:55:25.307280+00:00,USGS-12045500,1970,ft^3/s,None,Approved,USGS
-123.58321362238982,48.05478017852923,4aa52b6c-44ee-b4ef-e053-0100007f84a1,00060,Z,Mid-section,2014-06-03 16:18:00+00:00,,2025-06-24 01:55:25.307280+00:00,USGS-12045500,2250,ft^3/s,None,Approved,USGS
-123.58321362238982,48.05478017852923,4aa540cc-8a87-bdee-e053-0100007fef1d,00060,Z,Mid-section,2015-11-04 15:45:30+00:00,,2025-06-24 01:55:25.307280+00:00,USGS-12045500,1110,ft^3/s,None,Approved,USGS
-123.58321362238982,48.05478017852923,4aa51f74-f0e3-b072-e053-0100007fd4f7,00060,Z,Unspecified,2002-05-13 23:12:00+00:00,,2025-06-24 01:55:25.307280+00:00,USGS-12045500,1630,ft^3/s,None,Approved,USGS
-123.58321362238982,48.05478017852923,a63e3bc0-0944-4415-8b8f-0628fd84c9dc,00060,Z,Acoustic Doppler Current Profiler,2024-06-10 20:54:31+00:00,,2025-06-24 01:55:25.307280+00:00,USGS-12045500,1600,ft^3/s,None,Approved,USGS
-123.58321362238982,48.05478017852923,4aa52810-e0a2-b398-e053-0100007f205c,00060,Z,Unspecified,1990-08-15 22:05:00+00:00,,2025-06-24 01:55:25.307280+00:00,USGS-12045500,463,ft^3/s,None,Approved,USGS
-123.58321362238982,48.05478017852923,4aa51b26-59d9-addd-e053-0100007fde53,00060,Z,Mid-section,2009-10-06 22:00:30+00:00,,2025-06-24 01:55:25.307280+00:00,USGS-12045500,334,ft^3/s,None,Approved,USGS
-123.58321362238982,48.05478017852923,4aa5307d-33d3-b765-e053-0100007f9710,00060,Z,Unspecified,1998-10-08 21:55:00+00:00,,2025-06-24 01:55:25.307280+00:00,USGS-12045500,313,ft^3/s,None,Approved,USGS
-123.58321362238982,48.05478017852923,4aa52f92-15ed-b71c-e053-0100007f9968,00060,Z,Indirect,2015-11-17 23:20:00+00:00,,2025-06-24 01:55:25.307280+00:00,USGS-12045500,25900,ft^3/s,None,Approved,USGS
-123.58321362238982,48.05478017852923,4aa53db8-56fd-bc39-e053-0100007fed92,00060,Z,Mid-section,2015-03-02 23:23:00+00:00,,2025-06-24 01:55:25.307280+00:00,USGS-12045500,1040,ft^3/s,None,Approved,USGS
-123.58321362238982,48.05478017852923,4aa528d4-a453-b3dd-e053-0100007fc9af,00060,Z,Mid-section,2015-11-16 20:17:30+00:00,,2025-06-24 01:55:25.307280+00:00,USGS-12045500,2570,ft^3/s,None,Approved,USGS
-123.58321362238982,48.05478017852923,4aa5226a-e9dd-b159-e053-0100007fdd11,00060,Z,None,1983-07-06 07:00:00+00:00,,2025-06-24 01:55:25.307280+00:00,USGS-12045500,1950,ft^3/s,None,Approved,USGS
-123.58321362238982,48.05478017852923,4aa520ca-d645-afa7-e053-0100007fb497,00060,Z,Unspecified,1994-05-12 22:45:00+00:00,,2025-06-24 01:55:25.307280+00:00,USGS-12045500,2120,ft^3/s,None,Approved,USGS
-123.58321362238982,48.05478017852923,4aa52846-435e-b3ac-e053-0100007fddb4,00060,Z,Mid-section,2014-01-30 17:52:30+00:00,,2025-06-24 01:55:25.307280+00:00,USGS-12045500,1080,ft^3/s,None,Approved,USGS
-123.58321362238982,48.05478017852923,93da8306-b665-2ad8-e053-0100007f0f28,00060,Z,Mid-section,2019-09-23 19:54:00+00:00,,2025-06-24 01:55:25.307280+00:00,USGS-12045500,399,ft^3/s,None,Approved,USGS
-123.58321362238982,48.05478017852923,4aa51795-b4f4-ad3a-e053-0100007ffcd2,00060,Z,Unspecified,1995-07-26 19:05:00+00:00,,2025-06-24 01:55:25.307280+00:00,USGS-12045500,1730,ft^3/s,None,Approved,USGS
-123.58321362238982,48.05478017852923,26f8bfae-784a-46ce-9dc9-263b5e9f5629,00060,Z,Acoustic Doppler Current Profiler,2023-10-17 23:24:54+00:00,,2025-06-24 01:55:25.307280+00:00,USGS-12045500,884,ft^3/s,None,Approved,USGS
-123.58321362238982,48.05478017852923,4aa52bd3-2e28-b505-e053-0100007f2103,00060,Z,Unspecified,1997-08-20 18:30:00+00:00,,2025-06-24 01:55:25.307280+00:00,USGS-12045500,688,ft^3/s,None,Approved,USGS
-123.58321362238982,48.05478017852923,5cf6a139-ab1d-741b-e053-0100007f7662,00060,Z,Mid-section,2017-10-30 22:00:30+00:00,,2025-06-24 01:55:25.307280+00:00,USGS-12045500,702,ft^3/s,None,Approved,USGS
-123.58321362238982,48.05478017852923,4aa51a50-9cdb-aded-e053-0100007ffd3e,00060,Z,Unspecified,2008-04-17 21:10:00+00:00,,2025-06-24 01:55:25.307280+00:00,USGS-12045500,705,ft^3/s,None,Approved,USGS
-123.58321362238982,48.05478017852923,4aa52c2d-a3d0-b517-e053-0100007f4962,00060,Z,Unspecified,1986-12-04 08:00:00+00:00,,2025-06-24 01:55:25.307280+00:00,USGS-12045500,1240,ft^3/s,None,Approved,USGS
-123.58321362238982,48.05478017852923,b87156e7-abff-4dbc-9775-6380e626b9c5,00060,Z,Acoustic Doppler Current Profiler,2024-08-05 22:04:28+00:00,,2025-06-24 01:55:25.307280+00:00,USGS-12045500,407,ft^3/s,None,Approved,USGS
-123.58321362238982,48.05478017852923,4aa52846-4342-b3ac-e053-0100007fddb4,00060,Z,Unspecified,1989-09-16 17:15:00+00:00,,2025-06-24 01:55:25.307280+00:00,USGS-12045500,463,ft^3/s,None,Approved,USGS
-123.58321362238982,48.05478017852923,4aa51658-4556-ac7b-e053-0100007ffdf0,00060,Z,Unspecified,1941-11-14 08:00:00+00:00,,2025-06-24 01:55:25.307280+00:00,USGS-12045500,5160,ft^3/s,None,Approved,USGS
-123.58321362238982,48.05478017852923,4aa50dc4-a9da-a96c-e053-0100007f5034,00060,Z,None,1981-12-15 08:00:00+00:00,,2025-06-24 01:55:25.307280+00:00,USGS-12045500,2530,ft^3/s,None,Approved,USGS
-123.58321362238982,48.05478017852923,4aa51207-4078-aad7-e053-0100007f466f,00060,Z,Mid-section,2009-05-07 21:13:00+00:00,,2025-06-24 01:55:25.307280+00:00,USGS-12045500,1880,ft^3/s,None,Approved,USGS
-123.58321362238982,48.05478017852923,4aa52b8b-31a0-b503-e053-0100007f2eb1,00060,Z,Mid-section,2011-02-15 22:02:30+00:00,,2025-06-24 01:55:25.307280+00:00,USGS-12045500,2490,ft^3/s,None,Approved,USGS
-123.58321362238982,48.05478017852923,4aa5280f-833f-b35e-e053-0100007f859e,00060,Z,Mid-section,2012-12-04 19:10:00+00:00,,2025-06-24 01:55:25.307280+00:00,USGS-12045500,5920,ft^3/s,None,Approved,USGS
-123.58321362238982,48.05478017852923,4aa539f3-3f96-bad4-e053-0100007f722b,00060,Z,Mid-section,2016-10-03 20:09:00+00:00,,2025-06-24 01:55:25.307280+00:00,USGS-12045500,287,ft^3/s,None,Approved,USGS
-123.58321362238982,48.05478017852923,4aa520ca-d635-afa7-e053-0100007fb497,00060,Z,None,1978-03-02 08:00:00+00:00,,2025-06-24 01:55:25.307280+00:00,USGS-12045500,861,ft^3/s,None,Approved,USGS
-123.58321362238982,48.05478017852923,20eba1e2-240a-417a-b7b0-c786ae39cca7,00060,Z,Acoustic Doppler Current Profiler,2025-08-18 22:04:30+00:00,,2025-09-08 22:05:23.284926+00:00,USGS-12045500,434,ft^3/s,None,Approved,USGS
-123.58321362238982,48.05478017852923,4aa51f74-f0ee-b072-e053-0100007fd4f7,00060,Z,Unspecified,2007-08-28 22:36:00+00:00,,2025-06-24 01:55:25.307280+00:00,USGS-12045500,536,ft^3/s,None,Approved,USGS
-123.58321362238982,48.05478017852923,4aa52c34-395c-b3a7-e053-0100007ffb0c,00060,Z,Unspecified,2000-12-15 17:32:00+00:00,,2025-06-24 01:55:25.307280+00:00,USGS-12045500,707,ft^3/s,None,Approved,USGS
-123.58321362238982,48.05478017852923,4aa5226a-e9da-b159-e053-0100007fdd11,00060,Z,None,1982-07-12 07:00:00+00:00,,2025-06-24 01:55:25.307280+00:00,USGS-12045500,2120,ft^3/s,None,Approved,USGS
-123.58321362238982,48.05478017852923,4aa52859-b264-b3b2-e053-0100007fa9b0,00060,Z,None,1918-08-27 09:15:00+00:00,,2025-06-24 01:55:25.307280+00:00,USGS-12045500,526,ft^3/s,None,Approved,USGS
-123.58321362238982,48.05478017852923,4aa50f0f-5e8c-a9e4-e053-0100007f5465,00060,Z,Unspecified,2002-01-09 18:42:00+00:00,,2025-06-24 01:55:25.307280+00:00,USGS-12045500,7880,ft^3/s,None,Approved,USGS
-123.58321362238982,48.05478017852923,24453754-ef57-4bbd-9ac8-ae54202c31d3,00060,Z,Acoustic Doppler Current Profiler,2022-12-08 20:27:46+00:00,,2025-06-24 01:55:25.307280+00:00,USGS-12045500,603,ft^3/s,None,Approved,USGS
-123.58321362238982,48.05478017852923,4aa53a78-58d3-baf0-e053-0100007facf8,00060,Z,Mid-section,2012-11-28 17:22:30+00:00,,2025-06-24 01:55:25.307280+00:00,USGS-12045500,1880,ft^3/s,None,Approved,USGS
-123.58321362238982,48.05478017852923,4aa5286e-8c72-b394-e053-0100007f1e19,00060,Z,Mid-section,2010-07-14 15:20:00+00:00,,2025-06-24 01:55:25.307280+00:00,USGS-12045500,1980,ft^3/s,None,Approved,USGS
-123.58321362238982,48.05478017852923,4aa52bc8-95dd-b519-e053-0100007fc9eb,00060,Z,None,1982-03-17 08:00:00+00:00,,2025-06-24 01:55:25.307280+00:00,USGS-12045500,1170,ft^3/s,None,Approved,USGS
-123.58321362238982,48.05478017852923,4aa528dd-ae71-b3db-e053-0100007ff189,00060,Z,Unspecified,1996-06-27 14:40:00+00:00,,2025-06-24 01:55:25.307280+00:00,USGS-12045500,1150,ft^3/s,None,Approved,USGS
-123.58321362238982,48.05478017852923,4aa51d1a-a7ac-af91-e053-0100007fdbb3,00060,Z,Mid-section,2012-11-20 19:37:30+00:00,,2025-06-24 01:55:25.307280+00:00,USGS-12045500,4240,ft^3/s,None,Approved,USGS
-123.58321362238982,48.05478017852923,85906fea-2c77-f9c3-e053-0100007f290e,00060,Z,Mid-section,2019-03-29 15:14:00+00:00,,2025-06-24 01:55:25.307280+00:00,USGS-12045500,566,ft^3/s,None,Approved,USGS
-123.58321362238982,48.05478017852923,cb1343cd-0b8a-4070-8cea-9f0c1f9844d1,00060,Z,Mid-section,2020-01-14 17:40:30+00:00,,2025-06-24 01:55:25.307280+00:00,USGS-12045500,1920,ft^3/s,None,Approved,USGS
-123.58321362238982,48.05478017852923,4aa52857-7642-b39a-e053-0100007fedd5,00060,Z,Unspecified,2004-01-14 23:25:00+00:00,,2025-06-24 01:55:25.307280+00:00,USGS-12045500,5060,ft^3/s,None,Approved,USGS
-123.58321362238982,48.05478017852923,4aa51658-455b-ac7b-e053-0100007ffdf0,00060,Z,None,1984-06-26 07:00:00+00:00,,2025-06-24 01:55:25.307280+00:00,USGS-12045500,2760,ft^3/s,None,Approved,USGS
-123.58321362238982,48.05478017852923,4aa5286e-8c51-b394-e053-0100007f1e19,00060,Z,Unspecified,1993-02-10 20:05:00+00:00,,2025-06-24 01:55:25.307280+00:00,USGS-12045500,1120,ft^3/s,None,Approved,USGS
-123.58321362238982,48.05478017852923,4aa51f74-f0c5-b072-e053-0100007fd4f7,00060,Z,None,1980-05-20 07:00:00+00:00,,2025-06-24 01:55:25.307280+00:00,USGS-12045500,2390,ft^3/s,None,Approved,USGS
-123.58321362238982,48.05478017852923,4aa520e5-c620-b0ea-e053-0100007f3721,00060,Z,Unspecified,1997-09-18 14:27:00+00:00,,2025-06-24 01:55:25.307280+00:00,USGS-12045500,2710,ft^3/s,None,Approved,USGS
-123.58321362238982,48.05478017852923,4aa52810-e0a9-b398-e053-0100007f205c,00060,Z,Unspecified,2005-05-31 21:10:00+00:00,,2025-06-24 01:55:25.307280+00:00,USGS-12045500,1620,ft^3/s,None,Approved,USGS
-123.58321362238982,48.05478017852923,4aa53a58-daae-baee-e053-0100007fa73f,00060,Z,None,1918-07-31 09:15:00+00:00,,2025-06-24 01:55:25.307280+00:00,USGS-12045500,832,ft^3/s,None,Approved,USGS
-123.58321362238982,48.05478017852923,4aa52ba2-3810-b4ff-e053-0100007f53d8,00060,Z,Unspecified,1992-08-13 16:20:00+00:00,,2025-06-24 01:55:25.307280+00:00,USGS-12045500,341,ft^3/s,None,Approved,USGS
-123.58321362238982,48.05478017852923,4aa51d32-0a71-af89-e053-0100007ff819,00060,Z,Unspecified,1997-10-16 15:22:00+00:00,,2025-06-24 01:55:25.307280+00:00,USGS-12045500,1910,ft^3/s,None,Approved,USGS
-123.58321362238982,48.05478017852923,4aa52947-0502-b366-e053-0100007f77c2,00060,Z,Unspecified,2003-07-03 16:05:00+00:00,,2025-06-24 01:55:25.307280+00:00,USGS-12045500,1160,ft^3/s,None,Approved,USGS
-123.58321362238982,48.05478017852923,64b7a4ec-49a3-da5b-e053-0100007f063c,00060,Z,Mid-section,2018-01-30 17:12:30+00:00,,2025-06-24 01:55:25.307280+00:00,USGS-12045500,5810,ft^3/s,None,Approved,USGS
-123.58321362238982,48.05478017852923,4aa51d1a-a7a7-af91-e053-0100007fdbb3,00060,Z,Mid-section,2011-10-14 17:49:00+00:00,,2025-06-24 01:55:25.307280+00:00,USGS-12045500,1210,ft^3/s,None,Approved,USGS
-123.58321362238982,48.05478017852923,4aa519d6-4faa-ae0b-e053-0100007f3aa0,00060,Z,Mid-section,2015-08-04 20:38:30+00:00,,2025-06-24 01:55:25.307280+00:00,USGS-12045500,280,ft^3/s,None,Approved,USGS
-123.58321362238982,48.05478017852923,4aa504a0-e9ba-a595-e053-0100007f764b,00060,Z,Unspecified,1996-09-27 17:45:00+00:00,,2025-06-24 01:55:25.307280+00:00,USGS-12045500,348,ft^3/s,None,Approved,USGS
-123.58321362238982,48.05478017852923,4aa51dc8-350a-afa1-e053-0100007f45d4,00060,Z,Unspecified,2000-05-05 19:28:00+00:00,,2025-06-24 01:55:25.307280+00:00,USGS-12045500,1010,ft^3/s,None,Approved,USGS
